Time,fresh 24.1,fresh 48.1,fresh 48.2,fresh 48.3,fresh 48.4,fresh 48.5,fresh 72.1,fresh 72.2,fresh 72.3,fresh 72.4,fresh 72.5,fresh 96.1,fresh 96.2,fresh 96.3,fresh 96.4,fresh 96.5,fresh 96.6,fresh 120.1,fresh 120.2,fresh 120.3,fresh 120.4,fresh 120.5,fresh 120.6,fresh 120.7,fresh 144.1,fresh 144.2,fresh 144.3,fresh 144.4,fresh 144.5,fresh 144.6,fresh 144.7,fresh 144.8,fresh 168.1,fresh 168.2,fresh 168.3,fresh 168.4,fresh 168.5,fresh 168.6,192.1 Reprogram,192.2 Reprogram,192.3 Reprogram,192.4 Reprogram,192.5 Reprogram
0,10.64923457,-2.408942696,2.262387664,-5.628785336,0.889913046,11.73443798,12.3144563,19.92508943,-6.492910814,-4.802654546,12.3347477,-1.2795665,11.94228157,5.258098419,8.092687241,21.09342871,14.48708281,12.93330046,5.265279372,6.401523533,14.75692031,9.581210265,14.27648902,39.84690655,-0.900290681,7.331557388,0.312012577,0.135508378,-2.32669159,6.383098015,18.53648769,4.017589676,42.31272596,44.5720223,32.35631506,21.46624047,53.23335377,57.35822389,5.928941655,7.485813028,0.917978497,17.3462615,13.18540273
0.041666667,11.18990618,-1.022172101,4.328624552,-5.160767302,1.783146286,13.77910629,19.27184797,19.9174835,-6.493340287,-4.541042116,12.31771959,0.082392468,18.51462262,10.65682547,8.238664418,21.08826837,15.76215541,31.10255123,6.646433372,8.053171617,22.15019617,9.581210265,17.01741054,57.38316826,4.366459162,15.01113986,0.269534412,5.618791076,-0.138808744,13.0711844,39.54877359,15.90109174,65.20622252,68.15712294,48.37362576,30.24716409,76.52070299,79.67659188,6.776953905,7.484585022,0.984071285,17.34624276,13.69881427
0.083333333,11.19113615,-0.085447034,6.626416643,-5.160857404,2.260320173,16.32790931,19.272192,29.16078873,-6.202897568,-4.417831586,19.02114414,1.071598775,28.05533439,16.86627754,8.244173269,29.1100304,16.94777874,31.10256948,12.94896925,13.02587083,31.34021995,10.07311193,24.67196432,75.03548275,9.180924885,24.053379,0.270064693,11.48330424,6.192489702,30.43492603,61.88100539,34.38870592,87.55841467,68.15331778,68.75544596,42.01825098,92.82327231,92.65618641,7.362888617,7.956459036,1.073992966,18.48111318,13.6997271
0.125,11.29962735,0.215316419,9.157100281,-4.886049881,2.388096163,16.32461998,27.9799862,40.51630997,-5.864071146,-4.420523258,26.2463052,1.068886458,28.05335689,25.14116389,8.199942566,39.36382041,18.29510047,52.19598157,23.72995997,18.3631339,31.34230133,10.90247236,34.32495897,75.0366827,9.180924885,36.79736753,1.539185747,18.64922334,13.47642812,51.04719467,61.88005056,34.38542998,87.55841467,90.5104676,68.75401969,58.28481097,92.82178891,89.39275358,7.362538092,8.506127961,1.071263487,20.10910249,14.13979335
0.166666667,11.19329522,0.229183155,9.157958404,-4.725214919,2.720419314,19.66595706,40.08332807,53.11067663,-5.642474097,-3.99894971,35.35412153,2.426254466,42.03131182,25.13909269,8.199880001,52.81198459,18.2894422,79.16930612,23.73275535,18.36717811,43.27436472,11.88638832,34.32149115,84.37437516,15.28407871,36.80148915,3.837922311,28.62923837,22.85565977,73.67224696,81.27015751,56.8309309,98.83955433,97.84794334,87.15239114,58.28481097,92.42675917,82.00830608,7.520292285,8.850391317,1.242446005,21.86511384,14.47762554
0.208333333,11.28568606,0.229166105,12.25824037,-4.346198384,2.725694246,23.98882667,54.75503917,64.5564789,-5.21390504,-3.54987475,47.21107503,4.164327276,60.22193281,37.57635258,8.224108456,66.72439878,20.11923513,97.09001132,38.40842149,24.58754743,58.65924703,12.37488274,46.58591465,83.56338751,24.34487995,55.29902127,6.137972715,28.62292375,22.85593801,73.66953198,86.97027487,78.24264087,93.39861772,89.91398244,95.34669894,76.59810023,84.21165273,82.00830608,7.961032571,9.303151031,1.343707971,23.42161629,14.92331006
0.25,11.40744054,0.211226986,16.30799437,-4.100025322,3.206585527,29.72849174,69.00910975,64.55836038,-5.219148873,-3.126103453,47.21307429,6.172200667,77.39866474,54.62919627,8.313698855,66.72135143,22.62438422,95.6911717,57.58311415,33.22280594,75.98018984,12.37447499,59.86970802,79.96721536,39.17889187,76.19314975,8.786221524,44.00735215,35.45774681,88.19440216,81.55710998,87.51656267,85.67350971,84.32141897,90.14158217,90.04959046,83.31579608,83.25577219,8.458898134,9.304109809,1.392553716,23.42495415,15.31701209
0.291666667,11.40741476,0.458294905,22.06318619,-4.099323538,3.610183665,37.43807295,69.00910975,71.99208468,-4.623683309,-2.637381357,60.29216518,8.763549508,84.87409866,72.55975652,8.360133314,76.65186111,25.94160901,95.68844396,79.89796029,44.86052821,88.13370024,13.19227754,72.75053957,80.44210514,61.0528888,89.78084948,8.786779857,63.88810521,53.55908766,87.63266103,78.03534852,83.55065784,88.00475263,84.32274453,84.78942896,91.91674594,88.44085046,88.25598452,8.743262974,9.790435704,1.539301994,25.10589732,15.3206109
0.333333333,11.6030751,0.866026817,30.07417531,-3.92605085,4.066891142,37.43968012,77.30535164,73.74953176,-4.246377083,-2.635216115,71.15106482,8.764748175,84.87653347,83.50902391,8.362043325,79.19206106,30.81617435,85.31866371,94.52352561,60.94670144,88.13145664,14.48344049,82.18428803,80.4387156,61.0528888,88.52255923,12.00516726,82.5355613,72.49025894,80.12793361,78.03526242,83.55060104,88.00475263,88.8392167,84.78563727,86.39614482,88.43796157,88.2129396,8.743262584,10.26764812,1.541127882,26.89493829,15.72320357
0.375,11.74807202,1.149727383,30.07042019,-3.608886154,4.643270541,46.9352803,77.81341601,72.5655978,-3.863818269,-2.105317167,76.2421712,12.41759182,81.3114745,83.50710497,8.362493067,76.86207728,30.81617435,84.53820107,94.52677538,60.94437807,89.69004506,15.62063274,82.18165077,82.95985897,84.58253079,88.5262783,16.85850272,89.91547288,85.59120126,79.44237536,80.47550518,77.89984953,93.41359257,92.62090009,87.54860782,86.39430834,89.86032905,85.75413638,9.100904095,10.68674009,1.638849133,28.58381247,16.18943286
0.416666667,11.81429065,1.15616017,40.95728878,-3.265920415,4.642272106,57.22429852,75.24936098,72.36050609,-3.371883492,-1.662970356,75.76418482,17.78432371,77.12148384,82.92525029,8.463191161,75.95015733,38.05965111,90.84041778,92.9451779,79.06331819,85.13504462,17.07989119,84.64596646,83.73646101,88.31843334,81.48377775,24.5770758,89.91395719,85.59293104,79.44153041,83.44927236,79.70264391,92.32481091,90.43304017,91.44541824,84.9294158,87.17223867,85.75737254,9.626504484,11.20080164,1.72789162,30.26323925,16.64981723
0.458333333,11.83082212,1.353096437,54.15451281,-3.028778682,5.197091829,66.33211081,75.289768,72.36050609,-3.371696303,-1.069111087,75.76439739,25.84360708,78.99013442,77.94994193,8.474702091,75.94824591,48.36418376,91.87969833,84.90885412,90.47103625,84.04020041,17.08244947,82.35127675,82.7751113,80.7105056,81.40563646,37.19612082,84.74451751,86.33245339,84.18979404,82.81661832,83.43665834,89.1480108,88.42391445,90.12693268,88.48100709,86.58547,86.16905368,10.0114083,11.20080164,1.793796404,30.26616469,17.07776467
0.5,11.83129739,1.585931919,67.46891822,-3.055188765,5.82298643,72.17977743,75.29035814,73.77178662,-2.847745517,-0.345212853,74.2805424,38.253722,82.01936117,77.82673323,8.49198984,77.8078422,62.56110011,91.90853945,84.67709389,90.61353732,86.95430271,19.33257515,81.70180762,82.59151417,80.70839018,85.89577724,37.19404553,80.05037109,81.12064784,85.41251293,81.03889151,83.14682809,90.41506286,88.42435588,87.99886251,90.04413249,88.52637728,87.78554037,10.37313462,11.74644016,1.926304746,32.07721009,17.08039755
0.541666667,11.99698618,1.824616794,76.62056106,-2.734964811,6.666954705,72.17259074,77.30364097,74.71002139,-2.357055205,-0.345212853,75.03469601,38.2467192,82.02074545,81.15665769,8.578506195,79.05069321,78.21523777,88.33964803,89.72291747,85.53474381,86.95430271,22.00353275,83.57845626,82.59151417,83.92982763,86.62200717,55.96059047,82.65296791,80.03836366,82.78482832,81.03891604,83.14682809,90.41393069,90.08431551,87.99894235,88.19759722,88.52631504,87.64508533,10.37313462,12.2064143,1.928085128,33.80672815,17.5175834
0.583333333,12.14326514,2.033258091,76.62130815,-2.385282768,7.562165268,74.04988484,77.9802925,74.61233952,-1.777749856,0.348634865,76.6359059,55.32184832,81.51144016,81.15850624,8.578486223,78.53843055,78.2181178,88.0292356,89.72737476,85.53737882,88.33946816,25.6318642,83.57683101,83.55853748,89.26291988,86.61997563,77.65376222,86.15177473,83.26843406,82.40561175,81.74502232,80.96935015,92.44517478,91.41497107,89.21491445,88.19759722,88.92868283,86.86949565,10.88323291,12.69609738,2.020792487,35.52991441,18.05853091
0.625,12.21100695,2.033972756,79.06928496,-2.068345543,7.564126786,73.85329952,77.2941248,74.6141982,-1.136390043,1.211801816,76.97186576,73.24633184,79.89368626,81.87665839,8.594902776,78.17715878,89.46966884,90.57888283,90.67600201,85.11195365,86.94234671,31.04508242,84.67826521,84.02908387,87.59940102,84.10405216,88.54172513,86.15533695,83.27050383,82.4088037,83.1603682,81.64887987,91.29556688,90.27697146,90.55857222,87.59169099,87.76970986,86.86987331,11.37823228,13.29641012,2.08884868,37.2796853,18.55595903
0.666666667,12.32959627,2.295062771,77.33338984,-1.752856612,8.610250081,73.92661558,77.19132963,74.61039246,-1.136500694,2.301892671,76.96998333,83.9269407,80.51529085,80.16410921,8.623508801,78.19505668,88.3656052,90.44492101,87.7534375,88.56098967,86.37037801,31.04637726,84.25675647,83.64657084,84.50255266,84.00952967,89.51337966,85.07636683,84.68008472,84.27402982,82.72598384,83.0473693,90.37034997,89.72910046,89.72356979,89.04597984,87.85188509,87.18486475,11.82308403,13.29287488,2.205158925,37.27761165,19.05959118
0.708333333,12.3259506,2.608061921,76.64680946,-1.746315505,9.924370653,75.00449344,77.21983651,75.1016694,-0.481253284,3.505946515,76.53238901,82.93218713,81.66540539,79.98519375,8.71259429,78.84941667,88.15830716,90.44839445,87.50255367,89.44920475,87.50108433,38.6543002,84.06749525,83.60839272,84.49980129,85.77250589,89.51853077,83.14717666,83.17609263,84.47289638,81.88813993,82.69364369,91.45561241,89.72912724,89.15346154,89.45453038,88.75694123,87.82111177,11.82707768,13.87826326,2.318929393,38.93747455,19.06097377
0.75,12.43090728,2.879577141,78.29365357,-1.317799609,11.61246204,75.00446941,77.97948063,75.56058757,0.217119015,3.508262078,76.71713736,82.93028868,81.6596707,81.32388381,8.769152304,79.33029189,86.95292541,88.91137237,89.57731691,87.59328703,87.50314888,49.18380872,84.65612249,83.60392519,86.0620441,85.78013025,81.90002407,84.10727787,82.40298036,83.41777979,81.88742387,82.69354973,91.45648003,90.67320462,89.1512187,88.60986987,88.75569282,87.68249168,12.33664004,14.43369471,2.317949586,40.59307727,19.62005708
0.791666667,12.53338266,3.184479566,78.29416696,-0.886395101,13.72758761,75.97290145,78.2756159,75.64075231,1.088753549,4.999849548,77.38657335,77.95076058,81.31988644,81.32021086,8.773705418,79.16825312,86.94707723,89.42270924,89.57331293,87.59617157,88.00296418,62.99944051,84.65612249,84.19896495,87.97681158,85.77557007,81.9579114,85.42516898,83.62386711,83.55604933,82.59248175,81.97065846,91.88016123,91.00249576,89.90329071,88.60810534,88.65367859,87.3930551,12.91238901,15.12110251,2.38602026,42.17520224,20.20805568
0.833333333,12.61907441,3.213211542,79.43045427,-0.482925442,13.72513662,76.27890565,78.01847215,75.74477279,2.002693728,6.915085399,77.55655213,78.18626812,80.69895198,81.49762428,8.784268941,79.0624982,89.36509093,90.45494122,89.61882943,87.37554412,87.33803963,77.04734216,85.07807885,84.36587028,86.71824353,84.76177473,86.8807348,85.42673288,83.63294888,83.55603744,83.12371769,82.4433025,91.12183985,90.30082906,90.2089098,88.64317928,88.13474539,87.3904596,13.46716208,15.78929119,2.494910391,43.69509365,20.80556063
0.875,12.77754112,3.543172722,79.14932422,0.001107293,16.52937451,76.49866958,78.07193336,75.74010097,2.025100089,9.364843771,77.55655213,81.59360895,81.17855089,80.70298326,8.835661529,79.06415242,90.78458143,89.92835549,88.349448,88.8209667,87.28428685,77.05262258,85.05715041,84.17075262,85.76183849,85.0641718,87.46799692,84.81518022,84.32862863,84.39732138,82.65780679,82.98683788,91.18081861,90.38474493,89.73260102,89.32888197,88.47255696,87.6846143,14.09256674,15.79045085,2.603563506,43.69999277,21.41533347
0.916666667,12.80376176,3.876263856,78.92795109,0.000531794,20.43156441,76.90609413,78.07043163,76.02846517,3.042398496,12.62437142,77.49259299,82.09535131,81.60221098,80.84431714,8.924604487,79.44440605,89.75858634,89.92249459,88.69227383,88.94193358,87.91252032,86.20807556,85.06975771,84.2853159,85.75810078,85.78524918,87.46966397,84.1297177,83.46664302,84.18492295,82.55621824,82.65940266,91.70248648,90.38491663,89.73501171,89.2537961,88.84128978,87.99431572,14.09356316,16.50144252,2.66843009,45.11490605,21.41773391
0.958333333,12.88080644,4.272010309,79.48335916,0.553472453,25.61954115,76.90452805,78.47058441,76.21662606,4.294167086,12.62437142,77.68762055,82.09601667,81.60333725,81.47592091,8.999403159,79.60285988,89.19380302,89.40616383,89.53814,88.94193358,87.9162294,87.47630356,85.32570698,84.28634902,86.92444767,85.51488711,84.68983287,84.79333753,83.30787116,83.80775579,82.55621824,82.66096088,91.70346808,90.94184377,89.73667138,88.95239815,88.84128978,87.81922418,14.77095824,17.26209203,2.666495638,46.49167114,22.06665482
1,12.9597819,4.67751066,79.48602479,1.168095962,32.74456864,77.29172429,78.56971141,76.34335826,5.824076454,16.8990152,77.96572262,80.35170483,81.31212163,81.47881402,8.999403159,79.557449,89.19377816,90.03230489,89.55122105,88.11914816,87.97032279,84.55956939,85.32615757,84.64387883,87.30172801,85.51668134,84.64795987,85.24055018,84.11147095,84.11953652,83.03223938,82.51532719,91.52904541,90.77037602,90.1050926,88.95682495,88.62861802,87.72952745,15.46509382,18.09954377,2.751104202,47.78469381,22.73884043
1.041666667,13.10697207,4.678765182,79.94649987,1.805262375,32.74452849,77.62277247,78.44287419,76.48938928,7.719056051,22.8431264,78.06737556,80.33199034,81.17301266,81.34228072,9.036026082,79.59187586,90.13096416,90.20465823,89.19030119,88.34202046,87.65540424,84.07012291,85.59735883,84.60310469,86.45592409,85.18530506,86.57335015,85.23822525,84.11390589,84.1191388,83.0445861,82.78358902,91.3034439,90.5100218,90.08383033,89.15355002,,87.73171536,16.25406261,18.98746339,2.852130693,48.99343625,23.43083042
1.083333333,13.21610105,5.163211803,79.91650861,2.616892844,42.1464246,77.7932337,78.61280913,76.48735134,7.719050709,30.8744031,78.07322038,81.66680669,81.48794641,81.05109435,9.102374151,79.5919383,90.67436014,89.80072397,88.78072957,88.97648707,87.84120665,84.07332915,85.62232776,84.58668414,86.5196318,85.52370095,86.48786255,84.76003097,84.13812171,84.39680916,82.81930357,82.95426433,91.50803233,90.7837741,89.88745912,89.44045772,,88.02125864,17.05108965,18.9871957,2.943494775,48.99358513,24.17651664
1.125,13.21338967,5.652353459,79.91521544,2.612427909,53.28875552,78.05632075,78.61031629,76.64363756,10.27440495,41.28877414,78.10875683,81.69064524,81.57977504,81.30384136,9.169979162,79.82008238,90.18693014,89.80051014,89.2237583,88.80419837,88.06139646,86.37317691,85.64135541,84.79562234,86.51979719,85.71684456,86.48784543,84.68577414,83.66249815,84.15886717,,82.77872613,91.6573454,90.78287043,90.01202383,89.28074053,,88.06883799,17.05852302,19.90171779,3.044918141,50.15643711,24.1772647
1.166666667,13.30737069,6.19727959,80.20783391,3.530598499,64.45079708,78.05500386,78.80610447,76.7471432,13.65104065,41.29215848,78.30635319,81.69112953,81.57808208,81.5434532,9.223340769,79.90563613,90.08881035,89.85290031,89.44457331,88.80166487,88.06287832,87.34141452,85.86966566,84.79259304,87.14698821,85.48371204,85.32668825,85.08000516,83.86704909,7.445816469,,82.78255249,91.65690703,90.92943481,90.01259746,89.20675177,,87.93393066,18.01119617,20.95938771,3.043500731,51.20994241,24.94527686
1.208333333,13.41968567,6.844913536,80.20249558,4.50859756,72.62477381,78.31201356,78.84723852,76.8523778,18.30183899,53.33389192,78.42262239,80.96693355,81.42634492,81.53182606,9.225986715,79.91635455,90.11368979,,89.44017633,88.50785078,87.99457517,86.46453271,85.87120618,84.88100136,86.90356202,85.48394503,85.6896038,85.1197014,84.11922464,,,82.823132,91.51200312,90.71000467,90.15559007,89.20417347,,88.05310768,18.98645186,22.06652714,3.120283766,52.15661514,25.73006501
1.25,13.55206192,6.845277081,80.42590727,5.749532451,72.62330101,78.49773804,78.8618574,76.96881402,24.74201957,64.69343742,78.50029622,81.18009421,81.50065975,81.33645424,9.329237773,80.00498513,90.60664256,,89.14977106,88.81727037,87.93737283,86.20703633,86.00929638,84.90966263,86.6050523,85.47066552,86.50256534,85.1225502,84.11765423,,,82.96376347,91.52730078,90.75109572,90.09168135,89.39175022,,88.05311746,20.1012538,23.21389995,3.183257829,53.08178708,26.57794636
1.291666667,13.62758739,7.563724241,80.43237934,7.176729142,75.8994655,78.65130557,78.98607255,76.96906356,24.74201957,72.13838676,78.50029622,81.78914928,81.66420866,81.34514669,9.392976214,80.00375133,90.69393668,,89.14411502,88.97058413,88.0797504,86.20401935,86.00869257,85.00969995,86.93635703,85.70070347,86.11813187,84.88952876,,,,82.96828921,91.67337024,90.93332354,90.05459733,89.44666417,,88.16358139,21.31348314,23.21389051,3.279385181,53.08026398,27.44126665
1.333333333,13.62723772,8.431796004,80.53991316,7.178541622,75.50322998,78.82809088,78.98418818,77.08874598,33.49721439,74.07975873,78.55821694,81.57082373,81.62725788,81.53774047,9.46657347,80.11247358,90.50325855,,89.4182038,88.83013296,88.15565408,87.09670941,86.10931698,85.10682678,86.93635703,85.70837904,86.11573906,84.99926964,,,,82.94551474,,90.9327851,91.81623807,89.38702897,,88.0579544,21.31134387,24.52935971,3.371953413,53.94242319,27.44263185
1.375,13.75413212,9.519573758,80.72554105,9.011074421,75.02245884,78.84136483,79.04411943,77.1964668,44.75935226,74.0762318,78.65023718,81.57264035,81.62748838,81.51935658,9.518701457,80.12318573,90.60361235,,,88.83013296,88.15707242,87.4203067,86.28745437,85.11549358,,85.56963918,85.7360449,,,,,82.94935075,,90.8962485,91.89021396,89.43286878,,88.05949522,22.65940855,25.92391259,3.371953413,54.72712982,28.31116596
1.416666667,13.86605896,10.73783126,80.72554105,11.23416617,76.00784089,79.02745606,79.07855144,77.24585245,57.33934246,72.95485238,78.74211364,81.33748674,81.57325006,81.52368745,9.521450102,80.18926382,90.60625478,,,88.84280958,88.11113346,87.05033743,86.2933742,85.14014302,,85.55809577,86.17652003,,,,,82.96128629,,90.85307485,92.1820373,89.4297344,,88.1869982,24.15474711,27.40686894,3.458384542,55.46118978,29.24239528
1.458333333,13.98377415,10.74069016,80.85146054,14.09281108,76.00754077,79.16130142,79.16168001,77.31618799,68.3232816,72.71906781,78.83248145,81.60597963,81.66879916,81.48841155,9.628706667,80.24862815,90.84090911,,,89.00149355,88.17350684,87.11181857,,85.20570155,,85.66409782,86.36910148,,,,,83.07565897,,90.93041165,95.166741,,,88.18538254,25.83550257,29.09152166,3.513188145,56.16725507,30.20597231
1.5,14.10540906,12.34698921,80.88255278,17.87716525,77.14660048,79.26796603,79.20731608,77.30900717,68.32326721,74.12060609,78.83350944,81.80082765,81.72310228,81.51614185,9.691033586,80.24811268,90.8344563,,,89.01890257,,87.11108967,,85.32067893,,85.7660263,86.04491933,,,,,83.07136907,,,95.16464832,,,88.23150216,27.73505615,29.09152211,3.621526992,56.16311592,31.18617882
1.541666667,14.10466328,14.30854304,80.97211271,17.87716525,77.49273312,79.40883417,79.20789686,77.42634904,74.35372571,75.09288364,78.90131436,81.61505539,81.6572002,81.58236493,9.770146638,80.2831363,90.76464468,,,88.97726097,,87.53159404,,85.36621128,,85.71779437,86.04737523,,,,,83.05148945,,,,,,88.24777441,27.73222305,30.88735547,3.708073508,56.78361388,31.18915096
1.583333333,14.24429186,17.00712319,81.07928989,22.81437373,77.47985906,79.40819588,79.23872178,77.50188914,74.8758803,75.09101436,78.97764536,81.61069431,81.65651249,81.58385479,9.886934467,80.33808847,90.89099929,,,88.9780798,,87.6263711,,85.37031102,,85.71462177,86.0110051,,,,,83.04948996,,,,,,88.32474929,29.90346667,32.79280372,3.70772942,57.39218995,32.17698531
1.625,14.3475469,20.62148907,81.07733564,29.39013507,77.82073678,79.5135458,79.30579491,77.57074296,73.48501001,75.06764848,79.04462346,81.63706406,81.68755564,81.58075341,9.89052271,80.37463175,90.89268349,,,89.07611585,,87.49570335,,85.40866422,,85.71036145,,,,,,83.11924859,,,,,,88.37948986,32.2510422,34.82958962,3.802621648,57.93287957,33.23513581
1.666666667,14.47335725,20.62728716,81.14971809,37.98113679,77.82271886,79.63409805,79.3445593,77.6673954,73.81399278,75.0352934,79.04684814,81.79351167,81.75613546,81.59036576,9.976424625,80.45074506,90.98956457,,,,,87.63060604,,85.48619383,,,,,,,,83.15448528,,,,,,88.36800462,34.89414977,37.04996965,3.882399264,58.50152344,34.30967365
1.708333333,14.58134224,25.68792632,81.23100389,48.2887828,78.33266506,79.71029462,79.41423645,77.66379302,73.82095749,75.55754354,79.11424309,81.83006276,81.77019143,81.64861935,10.0533651,80.4494222,91.01105668,,,,,87.62303964,,85.53128434,,,,,,,,83.13358092,,,,,,88.38344462,37.85950954,37.04996072,3.967887499,58.5012565,35.36779503
1.75,14.58132543,32.74949404,81.30351442,48.284839,78.58907824,79.82841276,79.41423645,77.70621572,75.38191628,75.95426888,79.16850417,81.77611302,81.78518351,81.68857609,10.16754046,80.47992985,91.01213957,,,,,87.82263753,,85.61608278,,,,,,,,83.16523214,,,,,,88.42625372,37.86124265,39.37014118,4.090202046,58.99153159,35.36845775
1.791666667,14.65592581,42.27859009,81.37678145,59.1790035,78.68586345,79.8271557,79.47397567,77.79973396,75.99610693,75.95140745,79.23002824,81.77024087,81.78405183,81.70772106,10.28923099,80.53217899,91.07844312,,,,,87.83035305,,85.61246537,,,,,,,,83.16175746,,,,,,88.44700273,41.07406435,41.76252371,4.090202046,59.46106781,36.48887978
1.833333333,14.81153221,53.92233123,81.37139269,68.1946321,78.90985919,79.91665882,79.48513633,77.86032746,75.7356588,76.04689821,79.2700795,81.83993219,81.82559173,81.70633535,10.28810557,80.55551835,91.0773178,,,,,87.84035848,,85.6855363,,,,,,,,83.21513673,,,,,,88.47071768,44.49121269,44.15112256,4.176084682,59.90078965,37.60563447
1.875,14.8973365,53.91967813,81.45786502,73.19903105,78.91297399,80.0151971,79.55302366,77.91239986,75.81996207,76.1844011,79.27315309,81.89276824,81.88271906,81.68788842,10.3529785,80.5824521,91.10544654,,,,,87.92744609,,85.71583127,,,,,,,,83.22877885,,,,,,88.46611558,48.03350279,46.60362354,4.270562381,60.3519734,38.71027047
1.916666667,15.04016931,65.88137577,81.47969393,74.18273881,79.19950835,80.07660641,79.57630023,77.91068657,75.82230939,76.43720119,79.33521779,81.9037912,81.958421,81.74649559,10.46405923,80.58446186,91.12364621,,,,,87.94081332,,85.80450493,,,,,,,,83.25488446,,,,,,88.52025874,51.50709257,46.60127366,4.340744424,60.35139465,39.84390657
1.958333333,15.04016931,74.95876572,81.5196353,74.18205819,79.33835101,80.15689648,79.57821089,77.94992084,76.43750178,76.68905603,79.39082196,81.89667595,80.56911201,,10.59546968,80.62245944,91.15976844,,,,,88.02153433,,85.85930918,,,,,,,,83.28632572,,,,,,88.53203388,51.50587495,48.94072475,4.438248048,60.70246805,39.84386355
2,15.1745717,78.51353366,81.62601853,73.69078909,79.46481284,80.15800274,79.60704381,78.01220626,76.76783967,76.68645168,79.42099388,81.89459793,80.56972257,,10.75367058,80.64208205,91.23133904,,,,,88.04925141,,85.85711311,,,,,,,,83.29285913,,,,,,88.55660673,54.7712333,51.16950194,4.440298414,61.09826959,40.9655056
2.041666667,15.27289625,77.84113141,81.62470643,74.09558328,79.63502757,80.22990246,79.57248876,78.05157547,76.75758767,76.76741566,79.47273749,81.92248928,,,10.755341,80.70305887,91.23411626,,,,,,,85.89021008,,,,,,,,83.31818767,,,,,,88.58003589,57.64516254,53.23752619,4.53032465,61.444346,42.11542278
2.083333333,15.43586911,77.84093556,81.66815418,75.31983136,79.63519388,80.31670941,,78.08514354,76.89264595,76.87865246,79.47046661,81.95924619,,,10.88189541,80.71496495,91.22612829,,,,,,,85.95452288,,,,,,,,83.304721,,,,,,88.58003589,60.06226605,55.12430867,4.61826743,61.77431139,43.1752906
2.125,15.53821265,77.05597834,81.72699442,76.081047,79.78419819,80.3876944,,78.08514686,76.89784188,77.07910227,79.49788761,81.96227976,,,11.05794837,80.71245759,91.26608733,,,,,,,85.99323174,,,,,,,,83.33609514,,,,,,88.6060694,61.95287688,55.12415901,4.705318567,61.77431139,44.24667147
2.166666667,15.53727353,78.12397065,81.7992401,76.0832103,79.89565409,80.43650522,,78.1467705,77.2034348,77.21254854,79.55124626,81.9871061,,,11.12454411,73.49943403,91.28784872,,,,,,,86.01520779,,,,,,,,83.34825823,,,,,,88.62127696,61.95225567,56.73684243,4.794159411,62.07329476,44.24862684
2.208333333,15.66227232,79.44832009,81.82079982,76.28026055,80.00273328,80.43815516,,78.1812801,77.37087439,77.20669728,79.58839756,81.9839105,,,11.30282736,73.0928607,91.35373406,,,,,,,86.0173993,,,,,,,,,,,,,,88.66114968,63.4889738,58.1818457,4.793423974,62.410032,45.32361192
2.25,15.8403403,79.60098428,81.82449713,76.50464828,80.10451695,80.50773792,,78.22402396,77.45064808,77.28332284,79.63476293,82.00151377,,,11.29856828,85.87348847,91.35373406,,,,,,,86.01338514,,,,,,,,,,,,,,88.67787079,64.77820445,59.49705178,4.922343372,62.72005989,46.30288651
2.291666667,15.95297204,79.59995912,81.86204254,76.9602479,80.10687231,80.57147748,,78.27196309,77.58597144,77.39330387,79.63476293,82.00803081,,,11.41621548,85.87406686,91.36354146,,,,,,,86.07771561,,,,,,,,,,,,,,88.67417709,65.86874844,60.63672215,4.980623622,62.97761128,47.32687879
2.333333333,16.07880449,79.45654662,81.88703619,77.3368674,80.24703684,80.59570529,,78.29506306,77.58428755,77.51852901,79.68743693,,,,11.60620006,,91.37576091,,,,,,,86.11965624,,,,,,,,,,,,,,88.68473179,66.8031298,60.63525154,5.071720489,62.97355725,48.29525572
2.375,16.07798864,79.80879401,81.94005472,77.33394718,80.29349346,80.65119952,,78.32128424,77.75883053,77.62438427,79.73768262,,,,11.79882783,,91.41898875,,,,,,,86.1584013,,,,,,,,,,,,,,88.69888715,66.80188857,61.69631428,5.159430941,63.24308738,48.29524778
2.416666667,16.25059548,80.37975164,81.99509758,77.57072895,80.40994634,80.65119952,,78.35370579,77.84759042,77.59906074,79.74135953,,,,11.97012212,,91.44433953,,,,,,,86.1584013,,,,,,,,,,,,,,88.73168099,67.6773151,62.61882788,5.160680482,63.47900491,49.19954202
2.458333333,16.37785115,80.53544398,81.99470815,77.77556043,80.49953756,80.71733976,,78.39663603,77.9479878,77.70946486,79.79626359,,,,11.99012347,,91.44469997,,,,,,,86.19495316,,,,,,,,,,,,,,88.72935315,68.40122525,63.41737017,5.24551741,63.724224,50.11843496
2.5,16.53327328,80.53475374,82.04893488,78.0006621,80.49675403,80.74104597,,78.3188287,78.06036327,77.78691762,79.79490751,,,,12.16343339,,91.44598919,,,,,,,86.20028274,,,,,,,,,,,,,,88.73112955,69.04171797,64.14750128,5.35699192,63.72368006,50.9730395
2.541666667,16.69695636,80.61316735,82.0564466,78.24831381,80.58513963,80.8176059,,,78.06225109,77.87997619,79.82345526,,,,12.44448044,,91.47586741,,,,,,,86.2191382,,,,,,,,,,,,,,88.7769114,69.61135016,64.14278927,5.478341669,63.94880756,51.78520929
2.583333333,16.69962817,80.8167426,82.10697981,78.25245787,80.66121006,80.84531971,,,78.14561284,77.96414587,79.87066109,,,,12.71278036,,91.4989907,,,,,,,86.25372514,,,,,,,,,,,,,,,69.6133801,64.82363423,5.554133908,64.16863845,51.78868225
2.625,16.84044044,81.10731492,82.15612243,78.40484385,80.74684821,80.84388741,,,78.20087156,77.96378893,79.90437377,,,,12.94384205,,91.53987418,,,,,,,86.2563969,,,,,,,,,,,,,,,70.10650953,65.46091392,5.554864032,64.3951768,52.53745812
2.666666667,17.00162492,81.21354718,82.16162656,78.56223124,80.7914516,80.89853992,,,78.28634197,78.04105162,79.9806351,,,,12.93907251,,91.5367165,,,,,,,86.27653819,,,,,,,,,,,,,,,70.56313847,66.01092471,5.632615939,64.58371231,53.30610151
2.708333333,17.1577368,81.24288037,82.17369463,78.71882966,80.79776451,80.94629823,,,78.36267082,78.07739822,79.98322289,,,,13.26732322,,91.54527371,,,,,,,86.30377634,,,,,,,,,,,,,,,71.00328206,66.51938163,5.74151239,64.58334648,54.00895182
2.75,17.33663799,81.32055711,82.1787237,78.88813742,80.88189024,81.06081125,,,78.36497467,78.15527399,80.00929624,,,,13.57139215,,91.55481642,,,,,,,86.36781388,,,,,,,,,,,,,,,71.38695977,66.51753336,5.847911812,64.79198424,54.66833607
2.791666667,17.33944955,81.44600941,82.20689191,78.90474012,80.97075242,81.07541044,,,78.45535396,78.23514105,80.03785893,,,,13.90027931,,91.57380232,,,,,,,86.37855222,,,,,,,,,,,,,,,71.3891164,66.99172384,5.946923375,64.9443518,54.67049058
2.833333333,17.47248276,81.56270099,82.24832651,79.04346247,81.0112549,81.07326689,,,78.54022627,78.23514105,80.05984339,,,,14.33980204,,91.59636124,,,,,,,86.37982472,,,,,,,,,,,,,,,71.73562876,67.43890519,5.946159134,65.14447392,55.30239811
2.875,17.64521463,81.6695765,82.24606358,79.16121182,81.07139593,81.10723501,,,78.58051624,78.29696092,80.09962156,,,,14.34251564,,91.5948928,,,,,,,86.42204939,,,,,,,,,,,,,,,72.06313899,67.81150774,6.075749982,65.33682253,55.90222868
2.916666667,17.8275353,81.67298455,82.26199051,79.27910485,81.07394911,81.14405844,,,78.61411855,78.33387687,80.09819573,,,,14.78559192,,91.61454543,,,,,,,86.42493102,,,,,,,,,,,,,,,72.36760894,68.20741461,6.147380347,65.33875053,56.46963037
2.958333333,17.99461426,81.76751795,82.30306103,79.37986633,81.12466737,81.17355067,,,,78.41477218,80.13072546,,,,15.34112439,,91.62647383,,,,,,,86.46650123,,,,,,,,,,,,,,,72.62527483,68.21135476,6.257729421,65.48184257,56.99404812
3,17.99245557,81.87949182,82.31409811,79.38317608,81.16383553,81.22330442,,,,78.43897657,80.16977503,,,,15.93206983,,91.66421947,,,,,,,86.49744844,,,,,,,,,,,,,,,72.62556364,68.54571393,6.358372978,65.64410878,56.99419639
3.041666667,18.19059444,81.98511531,82.36309563,79.48064249,81.22241531,81.21631505,,,,78.4417158,80.19896145,,,,16.70498238,,91.67192521,,,,,,,86.49942681,,,,,,,,,,,,,,,72.8947167,68.85573223,6.359475505,65.82858992,57.52545941
3.083333333,18.38475635,82.06667256,82.36456906,79.57847549,81.27057208,81.25243086,,,,78.52690125,80.21876789,,,,16.71094145,,91.67252317,,,,,,,86.52530513,,,,,,,,,,,,,,,73.12109292,69.17015583,6.47947651,65.97010298,58.02803189
3.125,18.54653645,82.06575024,82.38079372,79.66812757,81.27183171,81.26467149,,,,78.56346615,80.21696148,,,,17.63507749,,91.69106317,,,,,,,86.53752423,,,,,,,,,,,,,,,73.36439382,69.46720974,6.588616552,65.97010298,58.48585844
3.166666667,18.73234938,82.15491053,82.42020109,79.75462693,81.30776255,81.29033094,,,,78.61143934,80.26852107,,,,18.7401723,,91.70256794,,,,,,,86.57214017,,,,,,,,,,,,,,,73.57122915,69.46900319,6.690934213,66.10518901,58.95784173
3.208333333,18.73244909,82.2384012,82.44833765,79.75491397,81.37484653,81.32524597,,,,78.66262943,80.27922441,,,,20.1308884,,91.70186012,,,,,,,86.57838223,,,,,,,,,,,,,,,73.57749138,69.73135521,6.783868518,66.2451463,58.98369106
3.25,18.924852,82.31925039,82.50463827,79.81493836,81.42280602,81.35228444,,,,78.66194469,80.29269761,,,,21.99070499,,91.71703749,,,,,,,86.6122267,,,,,,,,,,,,,,,73.76686086,69.9870343,6.77962594,66.41342682,59.37201877
3.291666667,19.10984413,82.42212668,82.50463827,79.90256019,81.45705338,81.37184262,,,,78.70246975,80.30705754,,,,21.99227216,,91.72075726,,,,,,,86.60959618,,,,,,,,,,,,,,,73.97610344,70.23235872,6.883812504,66.55359141,59.77185678
3.333333333,19.36078164,82.42390104,82.51499832,79.98957271,81.45705338,81.37622756,,,,78.72810989,80.30879606,,,,24.51205097,,91.72316267,,,,,,,86.6250238,,,,,,,,,,,,,,,74.13385308,70.42609747,6.996663056,66.55197876,60.17886929
3.375,19.57233165,82.43709596,82.52285991,80.05317998,81.49375754,81.3971972,,,,78.78063904,80.31575369,,,,28.10040386,,91.73074989,,,,,,,86.67177922,,,,,,,,,,,,,,,74.27790115,70.42495341,7.093154206,66.66973248,60.55783789
3.416666667,19.60794531,82.53928032,82.55326268,80.05512051,81.54084141,81.42763767,,,,78.83728923,80.30319348,,,,33.22535722,,91.75793138,,,,,,,86.71132738,,,,,,,,,,,,,,,74.27903399,70.67380408,7.233289692,66.78759138,60.55863606
3.458333333,19.79966504,82.61324737,82.56613772,80.11481068,81.58756991,81.42797998,,,,78.84057776,80.32526491,,,,40.67020497,,91.73098178,,,,,,,86.70775576,,,,,,,,,,,,,,,74.4518204,70.86292657,7.230407974,66.90019243,60.89590418
3.5,20.03889504,82.64751856,82.56531897,80.18164749,81.60273564,81.42916103,,,,78.87302876,80.36124335,,,,40.66797468,,91.73001283,,,,,,,,,,,,,,,,,,,,,,74.60391602,71.06370063,7.327622005,67.01021124,61.23764808
3.541666667,20.26405968,82.64305832,82.57189682,80.24666566,81.59833886,81.46165441,,,,78.90224659,80.36343629,,,,51.31156079,,91.73907206,,,,,,,,,,,,,,,,,,,,,,74.73468498,71.06188124,7.420989458,67.01074641,61.56632674
3.583333333,20.52859457,82.69105171,82.60982127,80.3142333,81.66018982,81.4635893,,,,78.93363401,80.34038859,,,,65.09084707,,91.79315525,,,,,,,,,,,,,,,,,,,,,,74.84224259,71.22680743,7.543321926,67.1395341,61.88364623
3.625,20.52046032,82.75056781,82.61603731,80.3101239,81.68330534,81.510012,,,,78.95697401,80.33946923,,,,79.32383065,,91.82334703,,,,,,,,,,,,,,,,,,,,,,74.84477251,71.40460757,7.718938041,67.25677115,61.88317368
3.666666667,20.77961189,82.78627143,82.63955987,80.35838859,81.72591307,81.50838102,,,,78.95485224,80.36524417,,,,88.77267409,,91.86551986,,,,,,,,,,,,,,,,,,,,,,74.99162475,71.57759936,7.718938041,67.36838412,62.17051329
3.708333333,21.03507821,82.85223592,82.6437656,80.41077298,81.74235579,81.55111239,,,,79.00137255,80.37886561,,,,88.77107476,,91.86544064,,,,,,,,,,,,,,,,,,,,,,75.09697028,71.72531726,7.825578159,67.43506781,62.44639885
3.75,21.31231201,82.85223592,82.70220492,80.46277519,81.74383639,81.56562359,,,,79.04464579,80.37346849,,,,89.97636632,,91.84574433,,,,,,,,,,,,,,,,,,,,,,75.22916273,71.72531726,7.942230697,67.43475401,62.73268775
3.791666667,21.6162151,82.91295774,82.68713559,80.51038105,81.77159956,81.59122055,,,,79.08279726,80.41378941,,,,87.01578023,,91.84268027,,,,,,,,,,,,,,,,,,,,,,75.34937712,71.85660891,8.054187731,67.50965496,62.9758434
3.833333333,21.61070422,82.94087844,82.70190451,80.50658719,81.7916434,81.62614412,,,,79.09891279,80.40138326,,,,86.56623698,,91.85524152,,,,,,,,,,,,,,,,,,,,,,75.34705544,72.03138728,8.177523908,67.53560385,62.97731297
3.875,21.92144517,82.99107929,82.70711147,80.53320537,81.83692193,81.62383302,,,,79.10470162,80.42895775,,,,88.85874163,,91.86540753,,,,,,,,,,,,,,,,,,,,,,75.43265474,72.17373363,8.178578361,67.61850508,63.22599526
3.916666667,22.24331198,83.01725162,82.70952824,80.60072019,81.85743724,81.64148915,,,,79.14255712,80.4455511,,,,88.855808,,91.86198867,,,,,,,,,,,,,,,,,,,,,,75.53069879,72.28896119,8.282979836,67.65281907,63.48766642
3.958333333,22.54809542,83.01615947,82.73228254,80.68782177,81.8584244,81.66000316,,,,79.17129266,80.45113443,,,,89.82059058,,91.8817651,,,,,,,,,,,,,,,,,,,,,,75.64918981,72.28491529,8.437673545,67.64891901,63.70086296
4,22.89623752,83.04939604,82.75339787,80.73099254,81.88877975,81.69201911,,,,79.19292503,80.4666422,,,,88.93148585,,91.86990078,,,,,,,,,,,,,,,,,,,,,,75.73358643,72.42687602,8.550793091,67.67454672,63.92898228
4.041666667,22.89525234,83.08510323,82.76581307,80.72643633,81.95192165,81.71472427,,,,79.22638314,80.47241474,,,,88.68213122,,91.90000697,,,,,,,,,,,,,,,,,,,,,,75.73331149,72.54884275,8.703159414,,63.9254856
4.083333333,23.24144306,83.15429932,82.78164751,80.77914597,81.9673703,81.71347514,,,,79.2283563,80.49351661,,,,89.58349565,,91.90021735,,,,,,,,,,,,,,,,,,,,,,75.82837164,72.65769266,8.702960003,,64.15665283
4.125,23.61620453,83.17842763,82.77953898,80.81314602,81.98388064,81.72221566,,,,79.24490466,80.51274812,,,,89.58528155,,91.90023934,,,,,,,,,,,,,,,,,,,,,,75.91276336,72.76917223,8.852227607,,64.37010069
4.166666667,23.98154566,83.17470678,82.80150338,80.83937912,81.98365063,81.74205105,,,,79.30076994,80.51342497,,,,89.90414352,,91.92243601,,,,,,,,,,,,,,,,,,,,,,75.97656196,72.77147288,8.986612329,,64.54666876
4.208333333,24.43712405,83.23878294,82.80271048,80.87145085,82.01155815,81.77438061,,,,79.33536238,80.52683082,,,,89.57067297,,91.91294683,,,,,,,,,,,,,,,,,,,,,,76.07600628,72.89548793,9.122803211,,64.76132785
4.25,24.44306687,83.27238212,82.81290176,80.87183387,82.04257748,81.81755198,,,,79.35932278,80.5278423,,,,89.59573078,,91.89205176,,,,,,,,,,,,,,,,,,,,,,76.07600628,72.98263331,9.258696535,,64.76019398
4.291666667,24.86974995,83.29152047,82.83019352,80.91535872,82.06537311,81.81755198,,,,79.34619973,80.53436451,,,,90.0242334,,91.90260757,,,,,,,,,,,,,,,,,,,,,,76.15826286,73.10860734,9.259103267,,64.93368412
4.333333333,25.30790245,83.31899346,82.82951271,80.93854084,82.0945089,81.82386711,,,,79.35888997,80.57575935,,,,90.03653253,,91.89984454,,,,,,,,,,,,,,,,,,,,,,76.2274073,73.22679255,9.412232023,,65.14332143
4.375,25.77952418,83.32021535,82.83732407,80.97947296,82.09249967,81.85112087,,,,79.37026336,80.58021446,,,,90.13761613,,91.87984915,,,,,,,,,,,,,,,,,,,,,,76.31794314,73.23176813,9.569973187,,65.28703631
4.416666667,26.29856352,83.35428936,82.86938996,81.02567494,82.10836006,81.85561717,,,,79.39016784,80.57268947,,,,90.02615553,,91.88827776,,,,,,,,,,,,,,,,,,,,,,76.37970076,73.29693358,9.689160856,,65.46469332
4.458333333,26.29856352,83.39041582,82.87556711,81.02055962,82.11869524,81.88142162,,,,79.4019181,80.59128035,,,,90.14662056,,91.75215823,,,,,,,,,,,,,,,,,,,,,,76.38266428,73.38313843,9.831091983,,65.46156316
4.5,26.86721102,83.42958824,82.8926059,81.04395868,82.16337704,81.87800086,,,,79.40421257,80.59189963,,,,90.34754191,,91.8913466,,,,,,,,,,,,,,,,,,,,,,76.44224152,73.50586759,9.829731071,,65.61339436
4.541666667,27.46339286,83.44503774,82.9014276,81.07696822,82.17965035,81.89621008,,,,79.42917354,80.61588196,,,,90.34627011,,91.89192251,,,,,,,,,,,,,,,,,,,,,,76.51730157,73.55589936,10.02946311,,65.79434047
4.583333333,28.07006077,83.45924337,82.89910326,81.10461902,82.17947728,81.91941943,,,,79.45761825,80.61775279,,,,90.34265828,,91.90766796,,,,,,,,,,,,,,,,,,,,,,76.54974554,73.55493712,10.16105459,,65.94888196
4.625,28.69981767,83.4653218,82.9175789,81.1619094,82.18896589,81.94084885,,,,79.48023981,80.63427434,,,,90.35447828,,91.93845864,,,,,,,,,,,,,,,,,,,,,,76.61675044,73.62957233,10.35601593,,66.08530573
4.666666667,28.70327971,83.47729255,82.92139155,81.13164837,82.23307755,81.96642738,,,,79.49608602,80.6447984,,,,90.48583407,,91.95158572,,,,,,,,,,,,,,,,,,,,,,76.62224781,73.75186631,10.49373773,,66.08530573
4.708333333,29.3939646,83.48053434,82.94235435,81.14658276,82.23206355,81.96918181,,,,79.49654508,80.67005648,,,,90.58416897,,91.94604067,,,,,,,,,,,,,,,,,,,,,,76.69149947,73.8210028,10.49442649,,66.22390525
4.75,30.15172745,83.54177874,82.94808796,81.21487549,82.24572305,81.98512264,,,,79.52084742,80.67758756,,,,90.57974035,,91.94607934,,,,,,,,,,,,,,,,,,,,,,76.76126068,73.8871782,10.65152573,,66.38742099
4.791666667,30.9356869,83.54061179,82.95377393,81.22845717,82.24246911,82.02334233,,,,79.55835971,80.67802731,,,,90.60644027,,91.93420714,,,,,,,,,,,,,,,,,,,,,,76.81062415,73.89031375,10.83923815,,66.53327696
4.833333333,31.81468405,83.58608501,82.95120403,81.25687732,82.25945348,82.03949182,,,,79.5695331,80.68082144,,,,90.65780411,,91.9261745,,,,,,,,,,,,,,,,,,,,,,76.87202794,73.96289005,10.99918991,,66.64008995
4.875,31.81793177,83.62985033,83.00006768,81.25803605,82.25071722,82.01269896,,,,79.57501876,80.70798899,,,,90.72008291,,91.94037595,,,,,,,,,,,,,,,,,,,,,,76.87538289,74.01693316,11.15905626,,66.63739399
4.916666667,32.71393921,83.67324558,82.99118398,81.28597772,82.28187875,82.00972405,,,,79.57788155,80.73702398,,,,90.76976854,,91.97223533,,,,,,,,,,,,,,,,,,,,,,76.93350678,74.11707087,11.16068027,,66.79596105
4.958333333,33.71546886,83.69404614,82.99196249,81.30617151,82.32034714,82.0449214,,,,79.6040262,80.74876879,,,,90.77193866,,91.96354974,,,,,,,,,,,,,,,,,,,,,,76.95499021,74.16591874,11.3608646,,66.91399604
5,34.76251787,83.68457557,82.98946913,81.34642118,82.32209189,82.03143525,,,,79.63803606,80.74612231,,,,90.7925652,,91.96262473,,,,,,,,,,,,,,,,,,,,,,77.01149448,74.16221638,11.51746452,,67.04335308
5.041666667,35.92911682,83.73007582,83.0032128,81.34284551,82.32975555,82.06775842,,,,79.65373575,80.75601832,,,,90.85314869,,91.97802283,,,,,,,,,,,,,,,,,,,,,,77.06647232,74.23897528,11.72227603,,67.17164759
5.083333333,35.92869563,83.72986735,83.02089023,81.34626593,82.35307946,82.07844168,,,,79.65920364,80.76486365,,,,90.95126289,,91.99057216,,,,,,,,,,,,,,,,,,,,,,77.07021795,74.31757969,11.91493843,,67.17360979
5.125,37.17453591,83.77384239,83.02549237,81.38956123,82.38081822,82.07901553,,,,79.66146576,80.80525288,,,,,,92.02351292,,,,,,,,,,,,,,,,,,,,,,77.08855316,74.37649787,11.92380764,,67.31085773
5.166666667,38.48356912,83.7665417,83.02549237,81.39490906,82.3979075,82.09825331,,,,79.67353275,80.8011495,,,,,,92.02627409,,,,,,,,,,,,,,,,,,,,,,77.14041533,74.43571778,12.11861319,,67.42316915
5.208333333,39.92955817,83.76488951,83.03537017,81.43377587,82.3979075,82.10856459,,,,79.70090135,80.8038785,,,,,,92.00289264,,,,,,,,,,,,,,,,,,,,,,77.2146287,74.45033212,12.32254939,,67.5248104
5.25,41.43575868,83.79511202,83.00763822,81.46119645,82.40944835,82.1505497,,,,79.70806191,80.81062913,,,,,,,,,,,,,,,,,,,,,,,,,,,,77.24903736,74.49693978,12.51227569,,67.63442914
5.291666667,41.43079653,83.82890535,,81.45682179,82.40853234,82.13708443,,,,79.76232185,80.83819457,,,,,,,,,,,,,,,,,,,,,,,,,,,,77.24917527,74.5632943,12.73571707,,67.63490564
5.333333333,43.01975839,83.85609685,,81.4591555,82.42896262,82.13588623,,,,79.76232185,80.84382334,,,,,,,,,,,,,,,,,,,,,,,,,,,,77.27198622,74.60081244,12.73724041,,67.73007985
5.375,44.69512759,83.86645526,,81.49231001,82.47238816,82.14858105,,,,79.76641634,80.86304793,,,,,,,,,,,,,,,,,,,,,,,,,,,,77.31518479,74.6457205,12.95734657,,67.83141402
5.416666667,46.50209904,83.86458648,,81.50416567,82.47161251,82.17690076,,,,79.77073656,80.86382239,,,,,,,,,,,,,,,,,,,,,,,,,,,,77.33049238,74.64472583,13.14422661,,67.95411594
5.458333333,48.32791275,83.86321474,,81.52079196,82.47827024,82.1620587,,,,79.77397662,80.8559738,,,,,,,,,,,,,,,,,,,,,,,,,,,,77.38874708,74.6932412,13.36813467,,68.05102744
5.5,48.32807961,83.91568557,,81.52112423,82.49767675,82.17908555,,,,79.81413069,80.85488131,,,,,,,,,,,,,,,,,,,,,,,,,,,,77.38918241,74.72237519,13.62939264,,68.047389
5.541666667,50.18552523,83.90388512,,81.56795912,82.49699301,82.18323039,,,,79.81529551,,,,,,,,,,,,,,,,,,,,,,,,,,,,,77.44417516,74.74000164,13.62939264,,68.14452632
5.583333333,52.05953568,83.94794901,,81.59702815,82.52089795,82.20154892,,,,79.79781196,,,,,,,,,,,,,,,,,,,,,,,,,,,,,77.48365181,74.77410916,13.85652886,,68.22838897
5.625,53.95576595,83.94682239,,81.61765356,82.52069428,82.22046038,,,,79.82161153,,,,,,,,,,,,,,,,,,,,,,,,,,,,,77.51368439,74.77410916,14.09868719,,68.31323148
5.666666667,55.67712085,83.96249611,,81.63110444,82.55914632,82.25853909,,,,79.82618351,,,,,,,,,,,,,,,,,,,,,,,,,,,,,77.56377293,74.75594168,14.36504139,,68.41802645
5.708333333,55.67989942,83.95641021,,81.63315238,82.56858736,82.25804196,,,,79.85009598,,,,,,,,,,,,,,,,,,,,,,,,,,,,,77.56584913,74.72463589,14.62563519,,68.41908393
5.75,57.40220236,83.98275439,,81.63111903,82.58791613,82.25789385,,,,79.85846141,,,,,,,,,,,,,,,,,,,,,,,,,,,,,77.588656,,14.62619106,,68.47303203
5.791666667,59.05142849,83.97569761,,81.65418548,82.56624194,82.28650039,,,,79.88929476,,,,,,,,,,,,,,,,,,,,,,,,,,,,,77.63474345,,14.88567848,,68.57573953
5.833333333,60.52321492,83.97420983,,81.68856371,82.56993699,82.29005389,,,,79.9007103,,,,,,,,,,,,,,,,,,,,,,,,,,,,,77.68617691,,15.14248976,,68.66920442
5.875,61.88574982,83.99132047,,81.71044084,82.6036693,82.31809898,,,,79.91744288,,,,,,,,,,,,,,,,,,,,,,,,,,,,,77.69806339,,15.42917605,,68.73655964
5.916666667,61.88375698,84.00030829,,81.71171879,82.61074784,82.32529991,,,,79.9348059,,,,,,,,,,,,,,,,,,,,,,,,,,,,,77.69775601,,15.70402546,,68.73769681
5.958333333,63.13412629,84.01771601,,81.72530648,82.61440678,82.3243807,,,,79.93513856,,,,,,,,,,,,,,,,,,,,,,,,,,,,,77.72254234,,15.70584042,,68.83767226
6,64.26379754,84.03848208,,81.74304756,82.63543223,82.33443973,,,,79.93165776,,,,,,,,,,,,,,,,,,,,,,,,,,,,,77.76409494,,15.99780249,,68.90552396
6.041666667,65.32186231,84.04027635,,81.77302607,82.63371705,82.32544946,,,,79.93962797,,,,,,,,,,,,,,,,,,,,,,,,,,,,,77.78638265,,16.29625521,,69.00351079
6.083333333,66.34028487,84.02988353,,81.79056854,82.66931438,82.32722922,,,,79.96055841,,,,,,,,,,,,,,,,,,,,,,,,,,,,,77.81806193,,16.63345971,,69.00212368
6.125,66.34357167,84.0292078,,81.78783748,82.67668208,82.33961776,,,,79.99210229,,,,,,,,,,,,,,,,,,,,,,,,,,,,,77.8220573,,16.93091933,,69.06880672
6.166666667,67.18917313,84.04418762,,81.79050975,82.69776859,82.33961776,,,,79.99179878,,,,,,,,,,,,,,,,,,,,,,,,,,,,,77.83637279,,16.93074617,,69.16420326
6.208333333,67.97214499,84.0596026,,81.81307119,82.70114512,82.37172841,,,,79.99315022,,,,,,,,,,,,,,,,,,,,,,,,,,,,,77.86563927,,17.26924959,,69.21843217
6.25,68.72653954,84.05933996,,81.81850802,82.70473195,82.37839098,,,,79.99783694,,,,,,,,,,,,,,,,,,,,,,,,,,,,,77.89078628,,17.63209024,,69.27503639
6.291666667,69.40400967,84.07951129,,81.84190161,82.70107696,82.40932493,,,,80.00819824,,,,,,,,,,,,,,,,,,,,,,,,,,,,,77.92038915,,17.96563556,,69.27428577
6.333333333,69.40400967,84.08373492,,81.84045227,82.71154283,82.42807516,,,,80.02369149,,,,,,,,,,,,,,,,,,,,,,,,,,,,,77.91806181,,18.34924832,,69.36488231
6.375,70.03970774,84.09006797,,81.84597552,82.73183721,82.42919004,,,,80.02497113,,,,,,,,,,,,,,,,,,,,,,,,,,,,,77.93840603,,18.34803695,,69.41350779
6.416666667,70.62571139,84.10794821,,81.85233538,82.74409052,82.44451986,,,,80.04689281,,,,,,,,,,,,,,,,,,,,,,,,,,,,,77.97425733,,18.7153033,,69.49678686
6.458333333,71.18564276,84.1177915,,81.87764536,82.74391239,82.45390278,,,,80.05316712,,,,,,,,,,,,,,,,,,,,,,,,,,,,,78.03295534,,19.11932801,,69.55277667
6.5,71.72838728,84.1163972,,81.88276857,82.74379441,82.46824123,,,,80.05126635,,,,,,,,,,,,,,,,,,,,,,,,,,,,,78.04650317,,19.50940631,,69.56115003
6.541666667,71.7300575,84.13758289,,81.88790073,82.78352636,82.45961843,,,,80.08471315,,,,,,,,,,,,,,,,,,,,,,,,,,,,,78.04672792,,19.93541346,,69.61475772
6.583333333,72.22325794,84.1214948,,81.9068814,82.78235456,82.4599944,,,,80.08747803,,,,,,,,,,,,,,,,,,,,,,,,,,,,,78.06925978,,19.93350772,,69.67103102
6.625,72.63476511,84.16099239,,81.94021296,82.80521952,82.48196818,,,,80.11290436,,,,,,,,,,,,,,,,,,,,,,,,,,,,,78.08994771,,20.36313774,,69.75695787
6.666666667,73.09632305,84.15926567,,81.92762555,82.80478582,82.48405526,,,,80.11606628,,,,,,,,,,,,,,,,,,,,,,,,,,,,,78.10330046,,20.79826523,,69.81835268
6.708333333,73.48610972,84.15533045,,81.95668296,82.79008049,82.49892345,,,,80.10322278,,,,,,,,,,,,,,,,,,,,,,,,,,,,,78.1236068,,21.28066768,,69.81929834
6.75,73.48595861,84.16938414,,81.95607922,82.82219241,82.49727621,,,,80.12702637,,,,,,,,,,,,,,,,,,,,,,,,,,,,,78.1236068,,21.80764329,,69.8656423
6.791666667,73.90503653,84.18665503,,81.97769364,82.81367287,82.49895486,,,,80.15268518,,,,,,,,,,,,,,,,,,,,,,,,,,,,,78.1623675,,21.80575647,,69.92664138
6.833333333,74.24827271,84.20502356,,81.98785545,82.83079291,82.4772768,,,,80.16150878,,,,,,,,,,,,,,,,,,,,,,,,,,,,,78.17956337,,22.30475274,,69.97785309
6.875,74.5623552,84.19880159,,82.00295757,82.83209397,82.46600619,,,,80.15865195,,,,,,,,,,,,,,,,,,,,,,,,,,,,,78.17605144,,22.81304003,,70.02510144
6.916666667,74.92725939,84.21976049,,82.00498617,82.83387389,82.45665497,,,,80.14662144,,,,,,,,,,,,,,,,,,,,,,,,,,,,,78.17050413,,23.37072687,,70.026138
6.958333333,74.92573202,84.21751827,,82.00478765,82.85190464,82.48380188,,,,80.16606201,,,,,,,,,,,,,,,,,,,,,,,,,,,,,78.17753109,,23.9042691,,70.10569812
7,75.19457049,84.22875059,,82.01467322,82.84186435,82.48809678,,,,80.17214636,,,,,,,,,,,,,,,,,,,,,,,,,,,,,78.15295354,,23.90259505,,70.16037999
7.041666667,75.50922754,84.25393958,,82.02270292,82.85508305,82.49433403,,,,80.18327615,,,,,,,,,,,,,,,,,,,,,,,,,,,,,78.13943704,,24.48325952,,70.19957654
7.083333333,75.77596232,84.2528282,,82.02882725,82.85508305,82.52867028,,,,80.19087339,,,,,,,,,,,,,,,,,,,,,,,,,,,,,78.15127721,,25.11877683,,70.24556863
7.125,76.00366677,84.25434377,,82.03372777,82.86835856,82.51036112,,,,80.18364825,,,,,,,,,,,,,,,,,,,,,,,,,,,,,,,25.76365942,,70.24613182
7.166666667,76.03928304,84.2698567,,82.03380148,82.88006122,82.54187113,,,,80.20867957,,,,,,,,,,,,,,,,,,,,,,,,,,,,,,,26.38812984,,70.25950752
7.208333333,76.29535004,84.26132554,,82.04713324,82.86891347,82.5433686,,,,80.20867957,,,,,,,,,,,,,,,,,,,,,,,,,,,,,,,26.390689,,
7.25,76.53680744,84.28521451,,82.07694193,82.91082406,82.53077404,,,,80.22634674,,,,,,,,,,,,,,,,,,,,,,,,,,,,,,,27.08462579,,
7.291666667,76.72260531,84.28349265,,82.07248027,82.90934312,82.55552381,,,,80.22936521,,,,,,,,,,,,,,,,,,,,,,,,,,,,,,,27.80079684,,
7.333333333,76.95579576,84.2680419,,82.08367006,82.90565516,82.54686276,,,,80.26156858,,,,,,,,,,,,,,,,,,,,,,,,,,,,,,,28.5351062,,
7.375,76.95705621,84.29103397,,82.08399545,82.9048148,82.53679566,,,,80.25236451,,,,,,,,,,,,,,,,,,,,,,,,,,,,,,,28.53912914,,
7.416666667,77.17756041,84.30664649,,82.10646237,82.91494273,82.5403013,,,,80.25235522,,,,,,,,,,,,,,,,,,,,,,,,,,,,,,,29.28510217,,
7.458333333,77.36061065,84.31846544,,82.11451309,82.91596768,82.55559755,,,,80.26663429,,,,,,,,,,,,,,,,,,,,,,,,,,,,,,,30.08409306,,
7.5,77.55229106,84.31846544,,82.12530683,82.91913967,82.56998814,,,,80.25942838,,,,,,,,,,,,,,,,,,,,,,,,,,,,,,,30.89050844,,
7.541666667,77.75850023,84.33027602,,82.12658895,82.91396726,82.58760635,,,,80.21314739,,,,,,,,,,,,,,,,,,,,,,,,,,,,,,,31.68628474,,
7.583333333,77.75931707,84.32638349,,82.12617931,82.90029272,82.59491325,,,,,,,,,,,,,,,,,,,,,,,,,,,,,,,,,,,31.68777772,,
7.625,77.94180456,84.3419003,,82.12561572,82.90409474,82.59491325,,,,,,,,,,,,,,,,,,,,,,,,,,,,,,,,,,,32.57809516,,
7.666666667,78.08220483,84.34690522,,82.15396619,82.90691541,82.57637506,,,,,,,,,,,,,,,,,,,,,,,,,,,,,,,,,,,33.46522943,,
7.708333333,78.2779592,84.34819223,,82.16944063,82.90458202,82.59111396,,,,,,,,,,,,,,,,,,,,,,,,,,,,,,,,,,,34.35536745,,
7.75,78.43885937,84.35317955,,82.16072149,82.91200336,82.61427061,,,,,,,,,,,,,,,,,,,,,,,,,,,,,,,,,,,35.2997479,,
7.791666667,78.43635944,84.34981793,,82.16061407,,82.62165722,,,,,,,,,,,,,,,,,,,,,,,,,,,,,,,,,,,35.3000987,,
7.833333333,78.60511281,84.3723017,,82.18183869,,82.63192873,,,,,,,,,,,,,,,,,,,,,,,,,,,,,,,,,,,36.29472259,,
7.875,78.71074344,84.36896413,,82.19044344,,82.64301528,,,,,,,,,,,,,,,,,,,,,,,,,,,,,,,,,,,37.29259287,,
7.916666667,78.87486347,84.36867325,,82.2119665,,,,,,,,,,,,,,,,,,,,,,,,,,,,,,,,,,,,,38.2686305,,
7.958333333,79.03806336,84.37763891,,82.22793224,,,,,,,,,,,,,,,,,,,,,,,,,,,,,,,,,,,,,39.2906048,,
8,79.03801356,84.39864051,,82.22793846,,,,,,,,,,,,,,,,,,,,,,,,,,,,,,,,,,,,,39.28935043,,
8.041666667,79.180175,84.41002113,,82.22172634,,,,,,,,,,,,,,,,,,,,,,,,,,,,,,,,,,,,,40.32233434,,
8.083333333,79.28632283,84.41045687,,82.23372348,,,,,,,,,,,,,,,,,,,,,,,,,,,,,,,,,,,,,41.30292322,,
8.125,79.4211075,84.40814121,,82.2415446,,,,,,,,,,,,,,,,,,,,,,,,,,,,,,,,,,,,,42.35604378,,
8.166666667,79.55044394,84.4217721,,82.2421024,,,,,,,,,,,,,,,,,,,,,,,,,,,,,,,,,,,,,43.39214507,,
8.208333333,79.55044394,84.43614426,,82.23631589,,,,,,,,,,,,,,,,,,,,,,,,,,,,,,,,,,,,,43.39362046,,
8.25,79.68557086,84.42961628,,82.25581007,,,,,,,,,,,,,,,,,,,,,,,,,,,,,,,,,,,,,44.39561798,,
8.291666667,79.7882318,84.42992371,,82.2615862,,,,,,,,,,,,,,,,,,,,,,,,,,,,,,,,,,,,,45.3879389,,
8.333333333,79.88984202,84.44795285,,82.28544459,,,,,,,,,,,,,,,,,,,,,,,,,,,,,,,,,,,,,46.40256964,,
8.375,80.02231104,84.45594624,,82.28954157,,,,,,,,,,,,,,,,,,,,,,,,,,,,,,,,,,,,,47.40177734,,
8.416666667,80.02187024,84.44671077,,82.307917,,,,,,,,,,,,,,,,,,,,,,,,,,,,,,,,,,,,,47.39905553,,
8.458333333,80.10470214,84.46464339,,82.29195341,,,,,,,,,,,,,,,,,,,,,,,,,,,,,,,,,,,,,48.32051973,,
8.5,80.22018359,84.46383875,,82.31316735,,,,,,,,,,,,,,,,,,,,,,,,,,,,,,,,,,,,,49.27101894,,
8.541666667,80.3713015,84.47173298,,82.32105823,,,,,,,,,,,,,,,,,,,,,,,,,,,,,,,,,,,,,50.19870715,,
8.583333333,80.49087189,84.46521572,,82.32627073,,,,,,,,,,,,,,,,,,,,,,,,,,,,,,,,,,,,,51.04873196,,
8.625,80.49193158,84.49616252,,82.32510417,,,,,,,,,,,,,,,,,,,,,,,,,,,,,,,,,,,,,51.04907113,,
8.666666667,80.53901105,84.48634001,,82.33486241,,,,,,,,,,,,,,,,,,,,,,,,,,,,,,,,,,,,,51.86870179,,
8.708333333,80.64960032,84.48781532,,82.34571776,,,,,,,,,,,,,,,,,,,,,,,,,,,,,,,,,,,,,52.73453654,,
8.75,80.6910776,84.48889209,,82.35368978,,,,,,,,,,,,,,,,,,,,,,,,,,,,,,,,,,,,,53.48525183,,
8.791666667,80.82249396,84.49406664,,82.36627264,,,,,,,,,,,,,,,,,,,,,,,,,,,,,,,,,,,,,54.2040051,,
8.833333333,80.82055531,84.50806262,,82.36809996,,,,,,,,,,,,,,,,,,,,,,,,,,,,,,,,,,,,,54.2040051,,
8.875,80.9592997,84.51944892,,82.36024974,,,,,,,,,,,,,,,,,,,,,,,,,,,,,,,,,,,,,54.9701659,,
8.916666667,80.99660974,84.5155949,,82.40009274,,,,,,,,,,,,,,,,,,,,,,,,,,,,,,,,,,,,,55.60358316,,
8.958333333,81.07313107,84.49915259,,82.38652141,,,,,,,,,,,,,,,,,,,,,,,,,,,,,,,,,,,,,56.22410678,,
9,81.14428497,84.5121284,,82.40940245,,,,,,,,,,,,,,,,,,,,,,,,,,,,,,,,,,,,,56.8434387,,
9.041666667,81.13924664,84.5168655,,82.41264146,,,,,,,,,,,,,,,,,,,,,,,,,,,,,,,,,,,,,56.84398561,,
9.083333333,81.19553869,84.55485988,,82.41700708,,,,,,,,,,,,,,,,,,,,,,,,,,,,,,,,,,,,,57.42562984,,
9.125,81.2907967,84.55395457,,82.39864301,,,,,,,,,,,,,,,,,,,,,,,,,,,,,,,,,,,,,57.95200458,,
9.166666667,81.36587085,84.55750856,,,,,,,,,,,,,,,,,,,,,,,,,,,,,,,,,,,,,,,58.50075256,,
9.208333333,81.447365,84.56206137,,,,,,,,,,,,,,,,,,,,,,,,,,,,,,,,,,,,,,,59.02877713,,
9.25,81.44675989,84.57092437,,,,,,,,,,,,,,,,,,,,,,,,,,,,,,,,,,,,,,,59.02860815,,
9.291666667,81.53753939,84.56714516,,,,,,,,,,,,,,,,,,,,,,,,,,,,,,,,,,,,,,,59.54127465,,
9.333333333,81.63401988,84.57467167,,,,,,,,,,,,,,,,,,,,,,,,,,,,,,,,,,,,,,,60.01148289,,
9.375,81.70630007,84.55541918,,,,,,,,,,,,,,,,,,,,,,,,,,,,,,,,,,,,,,,60.45892562,,
9.416666667,81.75814089,84.56531034,,,,,,,,,,,,,,,,,,,,,,,,,,,,,,,,,,,,,,,60.83833532,,
9.458333333,81.75892653,84.55700778,,,,,,,,,,,,,,,,,,,,,,,,,,,,,,,,,,,,,,,60.84042795,,
9.5,81.82511589,84.58274142,,,,,,,,,,,,,,,,,,,,,,,,,,,,,,,,,,,,,,,61.26301456,,
9.541666667,81.87037808,84.58605025,,,,,,,,,,,,,,,,,,,,,,,,,,,,,,,,,,,,,,,61.65560309,,
9.583333333,81.94787468,84.58020897,,,,,,,,,,,,,,,,,,,,,,,,,,,,,,,,,,,,,,,62.04608286,,
9.625,82.00352772,84.58356836,,,,,,,,,,,,,,,,,,,,,,,,,,,,,,,,,,,,,,,62.36397526,,
9.666666667,82.00274955,84.57731644,,,,,,,,,,,,,,,,,,,,,,,,,,,,,,,,,,,,,,,62.36461153,,
9.708333333,82.04876672,84.5995423,,,,,,,,,,,,,,,,,,,,,,,,,,,,,,,,,,,,,,,62.71971109,,
9.75,82.08443244,84.5995423,,,,,,,,,,,,,,,,,,,,,,,,,,,,,,,,,,,,,,,63.04916431,,
9.791666667,82.16254021,84.58871735,,,,,,,,,,,,,,,,,,,,,,,,,,,,,,,,,,,,,,,63.34883176,,
9.833333333,82.2323655,84.59122752,,,,,,,,,,,,,,,,,,,,,,,,,,,,,,,,,,,,,,,63.66786606,,
9.875,82.22687357,84.5965416,,,,,,,,,,,,,,,,,,,,,,,,,,,,,,,,,,,,,,,63.66635968,,
9.916666667,82.29275896,84.60885854,,,,,,,,,,,,,,,,,,,,,,,,,,,,,,,,,,,,,,,63.94235511,,
9.958333333,82.33866196,84.60953405,,,,,,,,,,,,,,,,,,,,,,,,,,,,,,,,,,,,,,,64.19924635,,
10,82.37279176,84.61115036,,,,,,,,,,,,,,,,,,,,,,,,,,,,,,,,,,,,,,,64.47534492,,
10.04166667,82.45401997,84.61763079,,,,,,,,,,,,,,,,,,,,,,,,,,,,,,,,,,,,,,,64.70886453,,
10.08333333,82.45401997,84.61860199,,,,,,,,,,,,,,,,,,,,,,,,,,,,,,,,,,,,,,,64.7087843,,
10.125,82.4910528,84.62573141,,,,,,,,,,,,,,,,,,,,,,,,,,,,,,,,,,,,,,,64.99465283,,
10.16666667,82.5253812,84.62603801,,,,,,,,,,,,,,,,,,,,,,,,,,,,,,,,,,,,,,,65.21088712,,
10.20833333,82.61233415,84.64335725,,,,,,,,,,,,,,,,,,,,,,,,,,,,,,,,,,,,,,,65.4400287,,
10.25,82.65310999,84.63621825,,,,,,,,,,,,,,,,,,,,,,,,,,,,,,,,,,,,,,,65.64528474,,
10.29166667,82.65729696,84.6322729,,,,,,,,,,,,,,,,,,,,,,,,,,,,,,,,,,,,,,,65.66845451,,
10.33333333,82.68970947,84.65855757,,,,,,,,,,,,,,,,,,,,,,,,,,,,,,,,,,,,,,,65.88691363,,
10.375,82.73642926,84.65789949,,,,,,,,,,,,,,,,,,,,,,,,,,,,,,,,,,,,,,,66.0665417,,
10.41666667,82.80901963,84.65312033,,,,,,,,,,,,,,,,,,,,,,,,,,,,,,,,,,,,,,,66.26100628,,
10.45833333,82.83351892,84.65975745,,,,,,,,,,,,,,,,,,,,,,,,,,,,,,,,,,,,,,,66.46238051,,
10.5,82.83521451,84.62433924,,,,,,,,,,,,,,,,,,,,,,,,,,,,,,,,,,,,,,,66.45710929,,
10.54166667,82.87547586,,,,,,,,,,,,,,,,,,,,,,,,,,,,,,,,,,,,,,,,66.65953174,,
10.58333333,82.92700727,,,,,,,,,,,,,,,,,,,,,,,,,,,,,,,,,,,,,,,,66.83397057,,
10.625,82.9544031,,,,,,,,,,,,,,,,,,,,,,,,,,,,,,,,,,,,,,,,66.99933912,,
10.66666667,83.01663127,,,,,,,,,,,,,,,,,,,,,,,,,,,,,,,,,,,,,,,,67.18700051,,
10.70833333,83.01579796,,,,,,,,,,,,,,,,,,,,,,,,,,,,,,,,,,,,,,,,67.18724336,,
10.75,83.04791941,,,,,,,,,,,,,,,,,,,,,,,,,,,,,,,,,,,,,,,,67.34335599,,
10.79166667,83.09630102,,,,,,,,,,,,,,,,,,,,,,,,,,,,,,,,,,,,,,,,67.49590898,,
10.83333333,83.12737371,,,,,,,,,,,,,,,,,,,,,,,,,,,,,,,,,,,,,,,,67.64571736,,
10.875,83.17770619,,,,,,,,,,,,,,,,,,,,,,,,,,,,,,,,,,,,,,,,67.7809362,,
10.91666667,83.19184249,,,,,,,,,,,,,,,,,,,,,,,,,,,,,,,,,,,,,,,,67.77941173,,
10.95833333,83.2335075,,,,,,,,,,,,,,,,,,,,,,,,,,,,,,,,,,,,,,,,67.94530726,,
11,83.27052784,,,,,,,,,,,,,,,,,,,,,,,,,,,,,,,,,,,,,,,,68.10044427,,
11.04166667,83.31230931,,,,,,,,,,,,,,,,,,,,,,,,,,,,,,,,,,,,,,,,68.20184128,,
11.08333333,83.35249565,,,,,,,,,,,,,,,,,,,,,,,,,,,,,,,,,,,,,,,,68.3497924,,
11.125,83.35095332,,,,,,,,,,,,,,,,,,,,,,,,,,,,,,,,,,,,,,,,68.35068737,,
11.16666667,83.36120131,,,,,,,,,,,,,,,,,,,,,,,,,,,,,,,,,,,,,,,,68.48442143,,
11.20833333,83.40268151,,,,,,,,,,,,,,,,,,,,,,,,,,,,,,,,,,,,,,,,68.61161976,,
11.25,83.42719613,,,,,,,,,,,,,,,,,,,,,,,,,,,,,,,,,,,,,,,,68.71401056,,
11.29166667,83.47909482,,,,,,,,,,,,,,,,,,,,,,,,,,,,,,,,,,,,,,,,68.84268581,,
11.33333333,83.47299812,,,,,,,,,,,,,,,,,,,,,,,,,,,,,,,,,,,,,,,,68.84193634,,
11.375,83.51245598,,,,,,,,,,,,,,,,,,,,,,,,,,,,,,,,,,,,,,,,68.93362055,,
11.41666667,83.55169192,,,,,,,,,,,,,,,,,,,,,,,,,,,,,,,,,,,,,,,,69.04265937,,
11.45833333,83.58790831,,,,,,,,,,,,,,,,,,,,,,,,,,,,,,,,,,,,,,,,69.19015682,,
11.5,83.61714657,,,,,,,,,,,,,,,,,,,,,,,,,,,,,,,,,,,,,,,,69.28519821,,
11.54166667,83.61695991,,,,,,,,,,,,,,,,,,,,,,,,,,,,,,,,,,,,,,,,69.28472893,,
11.58333333,83.64498424,,,,,,,,,,,,,,,,,,,,,,,,,,,,,,,,,,,,,,,,69.3936489,,
11.625,83.69119622,,,,,,,,,,,,,,,,,,,,,,,,,,,,,,,,,,,,,,,,69.5075995,,
11.66666667,83.71345249,,,,,,,,,,,,,,,,,,,,,,,,,,,,,,,,,,,,,,,,69.57968601,,
11.70833333,83.75979428,,,,,,,,,,,,,,,,,,,,,,,,,,,,,,,,,,,,,,,,69.66863009,,
11.75,83.75532549,,,,,,,,,,,,,,,,,,,,,,,,,,,,,,,,,,,,,,,,69.66780587,,
11.79166667,83.7722965,,,,,,,,,,,,,,,,,,,,,,,,,,,,,,,,,,,,,,,,69.78146598,,
11.83333333,83.81965766,,,,,,,,,,,,,,,,,,,,,,,,,,,,,,,,,,,,,,,,69.89494715,,
11.875,83.82770745,,,,,,,,,,,,,,,,,,,,,,,,,,,,,,,,,,,,,,,,69.9796961,,
11.91666667,83.86867674,,,,,,,,,,,,,,,,,,,,,,,,,,,,,,,,,,,,,,,,70.06537442,,
11.95833333,83.8686346,,,,,,,,,,,,,,,,,,,,,,,,,,,,,,,,,,,,,,,,70.06096889,,
12,83.9035382,,,,,,,,,,,,,,,,,,,,,,,,,,,,,,,,,,,,,,,,70.12452635,,
12.04166667,83.92443908,,,,,,,,,,,,,,,,,,,,,,,,,,,,,,,,,,,,,,,,70.23747307,,
12.08333333,83.93753177,,,,,,,,,,,,,,,,,,,,,,,,,,,,,,,,,,,,,,,,70.31151151,,
12.125,83.96393855,,,,,,,,,,,,,,,,,,,,,,,,,,,,,,,,,,,,,,,,70.38476196,,
12.16666667,83.96619327,,,,,,,,,,,,,,,,,,,,,,,,,,,,,,,,,,,,,,,,70.39347692,,
12.20833333,84.01356167,,,,,,,,,,,,,,,,,,,,,,,,,,,,,,,,,,,,,,,,70.47629029,,
12.25,84.04270757,,,,,,,,,,,,,,,,,,,,,,,,,,,,,,,,,,,,,,,,70.5567762,,
12.29166667,84.08507209,,,,,,,,,,,,,,,,,,,,,,,,,,,,,,,,,,,,,,,,70.62093877,,
12.33333333,84.1315335,,,,,,,,,,,,,,,,,,,,,,,,,,,,,,,,,,,,,,,,70.70798136,,
12.375,84.12749311,,,,,,,,,,,,,,,,,,,,,,,,,,,,,,,,,,,,,,,,70.70764314,,
12.41666667,84.14169398,,,,,,,,,,,,,,,,,,,,,,,,,,,,,,,,,,,,,,,,70.77856912,,
12.45833333,84.15999087,,,,,,,,,,,,,,,,,,,,,,,,,,,,,,,,,,,,,,,,70.83765155,,
12.5,84.18170164,,,,,,,,,,,,,,,,,,,,,,,,,,,,,,,,,,,,,,,,70.92873778,,
12.54166667,84.23165902,,,,,,,,,,,,,,,,,,,,,,,,,,,,,,,,,,,,,,,,70.99421304,,
12.58333333,84.22750015,,,,,,,,,,,,,,,,,,,,,,,,,,,,,,,,,,,,,,,,70.99408672,,
12.625,84.28105698,,,,,,,,,,,,,,,,,,,,,,,,,,,,,,,,,,,,,,,,71.06348917,,
12.66666667,84.29941978,,,,,,,,,,,,,,,,,,,,,,,,,,,,,,,,,,,,,,,,71.14096579,,
12.70833333,84.32313799,,,,,,,,,,,,,,,,,,,,,,,,,,,,,,,,,,,,,,,,71.21182997,,
12.75,84.34155484,,,,,,,,,,,,,,,,,,,,,,,,,,,,,,,,,,,,,,,,71.26004734,,
12.79166667,84.35376285,,,,,,,,,,,,,,,,,,,,,,,,,,,,,,,,,,,,,,,,71.25972821,,
12.83333333,84.37329465,,,,,,,,,,,,,,,,,,,,,,,,,,,,,,,,,,,,,,,,71.33481225,,
12.875,84.40568335,,,,,,,,,,,,,,,,,,,,,,,,,,,,,,,,,,,,,,,,71.39318617,,
12.91666667,84.44578483,,,,,,,,,,,,,,,,,,,,,,,,,,,,,,,,,,,,,,,,71.41245774,,
12.95833333,84.46948641,,,,,,,,,,,,,,,,,,,,,,,,,,,,,,,,,,,,,,,,71.47826129,,
13,84.466153,,,,,,,,,,,,,,,,,,,,,,,,,,,,,,,,,,,,,,,,71.47697974,,
13.04166667,84.4611799,,,,,,,,,,,,,,,,,,,,,,,,,,,,,,,,,,,,,,,,71.55190245,,
13.08333333,84.49979391,,,,,,,,,,,,,,,,,,,,,,,,,,,,,,,,,,,,,,,,71.60152532,,
13.125,84.513111,,,,,,,,,,,,,,,,,,,,,,,,,,,,,,,,,,,,,,,,71.65044518,,
13.16666667,84.53731624,,,,,,,,,,,,,,,,,,,,,,,,,,,,,,,,,,,,,,,,71.73952565,,
13.20833333,84.53781087,,,,,,,,,,,,,,,,,,,,,,,,,,,,,,,,,,,,,,,,71.73880124,,
13.25,84.57410689,,,,,,,,,,,,,,,,,,,,,,,,,,,,,,,,,,,,,,,,71.79617591,,
13.29166667,84.59703487,,,,,,,,,,,,,,,,,,,,,,,,,,,,,,,,,,,,,,,,71.84623223,,
13.33333333,84.59099384,,,,,,,,,,,,,,,,,,,,,,,,,,,,,,,,,,,,,,,,71.90184004,,
13.375,84.65324014,,,,,,,,,,,,,,,,,,,,,,,,,,,,,,,,,,,,,,,,71.94511104,,
13.41666667,84.65052095,,,,,,,,,,,,,,,,,,,,,,,,,,,,,,,,,,,,,,,,71.94468398,,
13.45833333,84.65504661,,,,,,,,,,,,,,,,,,,,,,,,,,,,,,,,,,,,,,,,71.96853227,,
13.5,84.66706201,,,,,,,,,,,,,,,,,,,,,,,,,,,,,,,,,,,,,,,,72.00278248,,
13.54166667,84.70898788,,,,,,,,,,,,,,,,,,,,,,,,,,,,,,,,,,,,,,,,72.04003269,,
13.58333333,84.70794733,,,,,,,,,,,,,,,,,,,,,,,,,,,,,,,,,,,,,,,,72.06543035,,
13.625,84.71057512,,,,,,,,,,,,,,,,,,,,,,,,,,,,,,,,,,,,,,,,72.06979949,,
13.66666667,84.72988227,,,,,,,,,,,,,,,,,,,,,,,,,,,,,,,,,,,,,,,,72.09568448,,
13.70833333,84.74579401,,,,,,,,,,,,,,,,,,,,,,,,,,,,,,,,,,,,,,,,,,
13.75,84.77226525,,,,,,,,,,,,,,,,,,,,,,,,,,,,,,,,,,,,,,,,,,
13.79166667,84.80872584,,,,,,,,,,,,,,,,,,,,,,,,,,,,,,,,,,,,,,,,,,
13.83333333,84.80872584,,,,,,,,,,,,,,,,,,,,,,,,,,,,,,,,,,,,,,,,,,
13.875,84.82181654,,,,,,,,,,,,,,,,,,,,,,,,,,,,,,,,,,,,,,,,,,
13.91666667,84.83845787,,,,,,,,,,,,,,,,,,,,,,,,,,,,,,,,,,,,,,,,,,
13.95833333,84.89056204,,,,,,,,,,,,,,,,,,,,,,,,,,,,,,,,,,,,,,,,,,
14,84.9157789,,,,,,,,,,,,,,,,,,,,,,,,,,,,,,,,,,,,,,,,,,
14.04166667,84.92129117,,,,,,,,,,,,,,,,,,,,,,,,,,,,,,,,,,,,,,,,,,
14.08333333,84.90304843,,,,,,,,,,,,,,,,,,,,,,,,,,,,,,,,,,,,,,,,,,
14.125,84.88139672,,,,,,,,,,,,,,,,,,,,,,,,,,,,,,,,,,,,,,,,,,
14.16666667,84.94498456,,,,,,,,,,,,,,,,,,,,,,,,,,,,,,,,,,,,,,,,,,
14.20833333,84.95156167,,,,,,,,,,,,,,,,,,,,,,,,,,,,,,,,,,,,,,,,,,
14.25,84.95254064,,,,,,,,,,,,,,,,,,,,,,,,,,,,,,,,,,,,,,,,,,
14.29166667,84.95789568,,,,,,,,,,,,,,,,,,,,,,,,,,,,,,,,,,,,,,,,,,
14.33333333,84.98131725,,,,,,,,,,,,,,,,,,,,,,,,,,,,,,,,,,,,,,,,,,
14.375,85.00965595,,,,,,,,,,,,,,,,,,,,,,,,,,,,,,,,,,,,,,,,,,
14.41666667,85.00246327,,,,,,,,,,,,,,,,,,,,,,,,,,,,,,,,,,,,,,,,,,
14.45833333,85.00151884,,,,,,,,,,,,,,,,,,,,,,,,,,,,,,,,,,,,,,,,,,
14.5,85.0366243,,,,,,,,,,,,,,,,,,,,,,,,,,,,,,,,,,,,,,,,,,
14.54166667,85.03725378,,,,,,,,,,,,,,,,,,,,,,,,,,,,,,,,,,,,,,,,,,
14.58333333,85.06664711,,,,,,,,,,,,,,,,,,,,,,,,,,,,,,,,,,,,,,,,,,
14.625,85.08865309,,,,,,,,,,,,,,,,,,,,,,,,,,,,,,,,,,,,,,,,,,
14.66666667,85.1032743,,,,,,,,,,,,,,,,,,,,,,,,,,,,,,,,,,,,,,,,,,
14.70833333,85.11281851,,,,,,,,,,,,,,,,,,,,,,,,,,,,,,,,,,,,,,,,,,
14.75,85.13060653,,,,,,,,,,,,,,,,,,,,,,,,,,,,,,,,,,,,,,,,,,
14.79166667,85.14836114,,,,,,,,,,,,,,,,,,,,,,,,,,,,,,,,,,,,,,,,,,
14.83333333,85.17444846,,,,,,,,,,,,,,,,,,,,,,,,,,,,,,,,,,,,,,,,,,
14.875,85.17435777,,,,,,,,,,,,,,,,,,,,,,,,,,,,,,,,,,,,,,,,,,
14.91666667,85.1814957,,,,,,,,,,,,,,,,,,,,,,,,,,,,,,,,,,,,,,,,,,
14.95833333,85.18412263,,,,,,,,,,,,,,,,,,,,,,,,,,,,,,,,,,,,,,,,,,
15,85.21020878,,,,,,,,,,,,,,,,,,,,,,,,,,,,,,,,,,,,,,,,,,
15.04166667,85.21837429,,,,,,,,,,,,,,,,,,,,,,,,,,,,,,,,,,,,,,,,,,
15.08333333,85.2168225,,,,,,,,,,,,,,,,,,,,,,,,,,,,,,,,,,,,,,,,,,
15.125,85.24016029,,,,,,,,,,,,,,,,,,,,,,,,,,,,,,,,,,,,,,,,,,
15.16666667,85.25340917,,,,,,,,,,,,,,,,,,,,,,,,,,,,,,,,,,,,,,,,,,
15.20833333,85.26249343,,,,,,,,,,,,,,,,,,,,,,,,,,,,,,,,,,,,,,,,,,
15.25,85.27305756,,,,,,,,,,,,,,,,,,,,,,,,,,,,,,,,,,,,,,,,,,
15.29166667,85.27271946,,,,,,,,,,,,,,,,,,,,,,,,,,,,,,,,,,,,,,,,,,
15.33333333,85.28444346,,,,,,,,,,,,,,,,,,,,,,,,,,,,,,,,,,,,,,,,,,
15.375,85.3042624,,,,,,,,,,,,,,,,,,,,,,,,,,,,,,,,,,,,,,,,,,
15.41666667,85.32608354,,,,,,,,,,,,,,,,,,,,,,,,,,,,,,,,,,,,,,,,,,
15.45833333,85.35150086,,,,,,,,,,,,,,,,,,,,,,,,,,,,,,,,,,,,,,,,,,
15.5,85.35265929,,,,,,,,,,,,,,,,,,,,,,,,,,,,,,,,,,,,,,,,,,
15.54166667,85.36822967,,,,,,,,,,,,,,,,,,,,,,,,,,,,,,,,,,,,,,,,,,
15.58333333,85.35982391,,,,,,,,,,,,,,,,,,,,,,,,,,,,,,,,,,,,,,,,,,
15.625,85.38148824,,,,,,,,,,,,,,,,,,,,,,,,,,,,,,,,,,,,,,,,,,
15.66666667,85.4046603,,,,,,,,,,,,,,,,,,,,,,,,,,,,,,,,,,,,,,,,,,
15.70833333,85.4046603,,,,,,,,,,,,,,,,,,,,,,,,,,,,,,,,,,,,,,,,,,
15.75,85.40562113,,,,,,,,,,,,,,,,,,,,,,,,,,,,,,,,,,,,,,,,,,
15.79166667,85.4192502,,,,,,,,,,,,,,,,,,,,,,,,,,,,,,,,,,,,,,,,,,
15.83333333,85.45306787,,,,,,,,,,,,,,,,,,,,,,,,,,,,,,,,,,,,,,,,,,
15.875,85.46910855,,,,,,,,,,,,,,,,,,,,,,,,,,,,,,,,,,,,,,,,,,
15.91666667,85.46864959,,,,,,,,,,,,,,,,,,,,,,,,,,,,,,,,,,,,,,,,,,
15.95833333,85.487218,,,,,,,,,,,,,,,,,,,,,,,,,,,,,,,,,,,,,,,,,,
16,85.49539682,,,,,,,,,,,,,,,,,,,,,,,,,,,,,,,,,,,,,,,,,,
16.04166667,85.51579738,,,,,,,,,,,,,,,,,,,,,,,,,,,,,,,,,,,,,,,,,,
16.08333333,85.53077324,,,,,,,,,,,,,,,,,,,,,,,,,,,,,,,,,,,,,,,,,,
16.125,85.52337318,,,,,,,,,,,,,,,,,,,,,,,,,,,,,,,,,,,,,,,,,,
16.16666667,85.53393049,,,,,,,,,,,,,,,,,,,,,,,,,,,,,,,,,,,,,,,,,,
16.20833333,85.55787582,,,,,,,,,,,,,,,,,,,,,,,,,,,,,,,,,,,,,,,,,,
16.25,85.55516437,,,,,,,,,,,,,,,,,,,,,,,,,,,,,,,,,,,,,,,,,,
16.29166667,85.57067377,,,,,,,,,,,,,,,,,,,,,,,,,,,,,,,,,,,,,,,,,,
16.33333333,85.56925872,,,,,,,,,,,,,,,,,,,,,,,,,,,,,,,,,,,,,,,,,,
16.375,85.58270922,,,,,,,,,,,,,,,,,,,,,,,,,,,,,,,,,,,,,,,,,,
16.41666667,85.59810849,,,,,,,,,,,,,,,,,,,,,,,,,,,,,,,,,,,,,,,,,,
16.45833333,85.61360209,,,,,,,,,,,,,,,,,,,,,,,,,,,,,,,,,,,,,,,,,,
16.5,85.63462852,,,,,,,,,,,,,,,,,,,,,,,,,,,,,,,,,,,,,,,,,,
16.54166667,85.63365766,,,,,,,,,,,,,,,,,,,,,,,,,,,,,,,,,,,,,,,,,,
16.58333333,85.62243898,,,,,,,,,,,,,,,,,,,,,,,,,,,,,,,,,,,,,,,,,,
16.625,85.65582654,,,,,,,,,,,,,,,,,,,,,,,,,,,,,,,,,,,,,,,,,,
16.66666667,85.64428091,,,,,,,,,,,,,,,,,,,,,,,,,,,,,,,,,,,,,,,,,,
16.70833333,85.6725639,,,,,,,,,,,,,,,,,,,,,,,,,,,,,,,,,,,,,,,,,,
16.75,85.67423902,,,,,,,,,,,,,,,,,,,,,,,,,,,,,,,,,,,,,,,,,,
16.79166667,85.67669113,,,,,,,,,,,,,,,,,,,,,,,,,,,,,,,,,,,,,,,,,,
16.83333333,85.69997718,,,,,,,,,,,,,,,,,,,,,,,,,,,,,,,,,,,,,,,,,,
16.875,85.69125336,,,,,,,,,,,,,,,,,,,,,,,,,,,,,,,,,,,,,,,,,,
16.91666667,85.72007982,,,,,,,,,,,,,,,,,,,,,,,,,,,,,,,,,,,,,,,,,,
16.95833333,85.72582823,,,,,,,,,,,,,,,,,,,,,,,,,,,,,,,,,,,,,,,,,,
17,85.72907772,,,,,,,,,,,,,,,,,,,,,,,,,,,,,,,,,,,,,,,,,,
17.04166667,85.73750173,,,,,,,,,,,,,,,,,,,,,,,,,,,,,,,,,,,,,,,,,,
17.08333333,85.73743053,,,,,,,,,,,,,,,,,,,,,,,,,,,,,,,,,,,,,,,,,,
17.125,85.76532735,,,,,,,,,,,,,,,,,,,,,,,,,,,,,,,,,,,,,,,,,,
17.16666667,85.76311618,,,,,,,,,,,,,,,,,,,,,,,,,,,,,,,,,,,,,,,,,,
17.20833333,85.78926584,,,,,,,,,,,,,,,,,,,,,,,,,,,,,,,,,,,,,,,,,,
17.25,85.80381945,,,,,,,,,,,,,,,,,,,,,,,,,,,,,,,,,,,,,,,,,,
17.29166667,85.79891845,,,,,,,,,,,,,,,,,,,,,,,,,,,,,,,,,,,,,,,,,,
17.33333333,85.79787527,,,,,,,,,,,,,,,,,,,,,,,,,,,,,,,,,,,,,,,,,,
17.375,85.83062205,,,,,,,,,,,,,,,,,,,,,,,,,,,,,,,,,,,,,,,,,,
17.41666667,85.84564936,,,,,,,,,,,,,,,,,,,,,,,,,,,,,,,,,,,,,,,,,,
17.45833333,85.84972269,,,,,,,,,,,,,,,,,,,,,,,,,,,,,,,,,,,,,,,,,,
17.5,85.86403065,,,,,,,,,,,,,,,,,,,,,,,,,,,,,,,,,,,,,,,,,,
17.54166667,85.86682406,,,,,,,,,,,,,,,,,,,,,,,,,,,,,,,,,,,,,,,,,,
17.58333333,85.89110587,,,,,,,,,,,,,,,,,,,,,,,,,,,,,,,,,,,,,,,,,,
17.625,85.8831324,,,,,,,,,,,,,,,,,,,,,,,,,,,,,,,,,,,,,,,,,,
17.66666667,85.88441358,,,,,,,,,,,,,,,,,,,,,,,,,,,,,,,,,,,,,,,,,,
17.70833333,85.89267091,,,,,,,,,,,,,,,,,,,,,,,,,,,,,,,,,,,,,,,,,,
17.75,85.88870678,,,,,,,,,,,,,,,,,,,,,,,,,,,,,,,,,,,,,,,,,,
17.79166667,85.90148579,,,,,,,,,,,,,,,,,,,,,,,,,,,,,,,,,,,,,,,,,,
17.83333333,85.91611392,,,,,,,,,,,,,,,,,,,,,,,,,,,,,,,,,,,,,,,,,,
17.875,85.9064824,,,,,,,,,,,,,,,,,,,,,,,,,,,,,,,,,,,,,,,,,,
17.91666667,85.94144871,,,,,,,,,,,,,,,,,,,,,,,,,,,,,,,,,,,,,,,,,,
17.95833333,85.93821737,,,,,,,,,,,,,,,,,,,,,,,,,,,,,,,,,,,,,,,,,,
18,85.95165581,,,,,,,,,,,,,,,,,,,,,,,,,,,,,,,,,,,,,,,,,,
18.04166667,85.93085061,,,,,,,,,,,,,,,,,,,,,,,,,,,,,,,,,,,,,,,,,,
18.08333333,85.96031372,,,,,,,,,,,,,,,,,,,,,,,,,,,,,,,,,,,,,,,,,,
18.125,85.97825616,,,,,,,,,,,,,,,,,,,,,,,,,,,,,,,,,,,,,,,,,,
18.16666667,85.97486964,,,,,,,,,,,,,,,,,,,,,,,,,,,,,,,,,,,,,,,,,,
18.20833333,85.99351503,,,,,,,,,,,,,,,,,,,,,,,,,,,,,,,,,,,,,,,,,,
18.25,85.99170379,,,,,,,,,,,,,,,,,,,,,,,,,,,,,,,,,,,,,,,,,,
18.29166667,86.01849243,,,,,,,,,,,,,,,,,,,,,,,,,,,,,,,,,,,,,,,,,,
18.33333333,86.03217746,,,,,,,,,,,,,,,,,,,,,,,,,,,,,,,,,,,,,,,,,,
18.375,86.02490411,,,,,,,,,,,,,,,,,,,,,,,,,,,,,,,,,,,,,,,,,,
18.41666667,86.03995711,,,,,,,,,,,,,,,,,,,,,,,,,,,,,,,,,,,,,,,,,,
18.45833333,86.05282472,,,,,,,,,,,,,,,,,,,,,,,,,,,,,,,,,,,,,,,,,,
18.5,86.0763813,,,,,,,,,,,,,,,,,,,,,,,,,,,,,,,,,,,,,,,,,,
18.54166667,86.05139135,,,,,,,,,,,,,,,,,,,,,,,,,,,,,,,,,,,,,,,,,,
18.58333333,86.04808863,,,,,,,,,,,,,,,,,,,,,,,,,,,,,,,,,,,,,,,,,,
18.625,86.06606473,,,,,,,,,,,,,,,,,,,,,,,,,,,,,,,,,,,,,,,,,,
18.66666667,86.09337113,,,,,,,,,,,,,,,,,,,,,,,,,,,,,,,,,,,,,,,,,,
18.70833333,86.08378996,,,,,,,,,,,,,,,,,,,,,,,,,,,,,,,,,,,,,,,,,,
18.75,86.08792841,,,,,,,,,,,,,,,,,,,,,,,,,,,,,,,,,,,,,,,,,,
18.79166667,86.08781517,,,,,,,,,,,,,,,,,,,,,,,,,,,,,,,,,,,,,,,,,,
18.83333333,86.09710073,,,,,,,,,,,,,,,,,,,,,,,,,,,,,,,,,,,,,,,,,,
18.875,86.09246642,,,,,,,,,,,,,,,,,,,,,,,,,,,,,,,,,,,,,,,,,,
18.91666667,86.10819847,,,,,,,,,,,,,,,,,,,,,,,,,,,,,,,,,,,,,,,,,,
18.95833333,86.13291303,,,,,,,,,,,,,,,,,,,,,,,,,,,,,,,,,,,,,,,,,,
19,86.1394379,,,,,,,,,,,,,,,,,,,,,,,,,,,,,,,,,,,,,,,,,,
19.04166667,86.13844118,,,,,,,,,,,,,,,,,,,,,,,,,,,,,,,,,,,,,,,,,,
19.08333333,86.15934778,,,,,,,,,,,,,,,,,,,,,,,,,,,,,,,,,,,,,,,,,,
19.125,86.16415867,,,,,,,,,,,,,,,,,,,,,,,,,,,,,,,,,,,,,,,,,,
19.16666667,86.19029406,,,,,,,,,,,,,,,,,,,,,,,,,,,,,,,,,,,,,,,,,,
19.20833333,86.18626222,,,,,,,,,,,,,,,,,,,,,,,,,,,,,,,,,,,,,,,,,,
19.25,86.17783433,,,,,,,,,,,,,,,,,,,,,,,,,,,,,,,,,,,,,,,,,,
19.29166667,86.18248568,,,,,,,,,,,,,,,,,,,,,,,,,,,,,,,,,,,,,,,,,,
19.33333333,86.18347927,,,,,,,,,,,,,,,,,,,,,,,,,,,,,,,,,,,,,,,,,,
19.375,86.20522918,,,,,,,,,,,,,,,,,,,,,,,,,,,,,,,,,,,,,,,,,,
19.41666667,86.20787078,,,,,,,,,,,,,,,,,,,,,,,,,,,,,,,,,,,,,,,,,,
19.45833333,86.21789838,,,,,,,,,,,,,,,,,,,,,,,,,,,,,,,,,,,,,,,,,,
19.5,86.22756596,,,,,,,,,,,,,,,,,,,,,,,,,,,,,,,,,,,,,,,,,,
19.54166667,86.23374153,,,,,,,,,,,,,,,,,,,,,,,,,,,,,,,,,,,,,,,,,,
19.58333333,86.26330571,,,,,,,,,,,,,,,,,,,,,,,,,,,,,,,,,,,,,,,,,,
19.625,86.25968069,,,,,,,,,,,,,,,,,,,,,,,,,,,,,,,,,,,,,,,,,,
19.66666667,86.26469857,,,,,,,,,,,,,,,,,,,,,,,,,,,,,,,,,,,,,,,,,,
19.70833333,86.25741074,,,,,,,,,,,,,,,,,,,,,,,,,,,,,,,,,,,,,,,,,,
19.75,86.27342623,,,,,,,,,,,,,,,,,,,,,,,,,,,,,,,,,,,,,,,,,,
19.79166667,86.29234799,,,,,,,,,,,,,,,,,,,,,,,,,,,,,,,,,,,,,,,,,,
19.83333333,86.29234799,,,,,,,,,,,,,,,,,,,,,,,,,,,,,,,,,,,,,,,,,,
19.875,86.30483388,,,,,,,,,,,,,,,,,,,,,,,,,,,,,,,,,,,,,,,,,,
19.91666667,86.32733438,,,,,,,,,,,,,,,,,,,,,,,,,,,,,,,,,,,,,,,,,,
19.95833333,86.31413827,,,,,,,,,,,,,,,,,,,,,,,,,,,,,,,,,,,,,,,,,,
20,86.32296072,,,,,,,,,,,,,,,,,,,,,,,,,,,,,,,,,,,,,,,,,,
20.04166667,86.32081977,,,,,,,,,,,,,,,,,,,,,,,,,,,,,,,,,,,,,,,,,,
20.08333333,86.33670824,,,,,,,,,,,,,,,,,,,,,,,,,,,,,,,,,,,,,,,,,,
20.125,86.34841973,,,,,,,,,,,,,,,,,,,,,,,,,,,,,,,,,,,,,,,,,,
20.16666667,86.34763725,,,,,,,,,,,,,,,,,,,,,,,,,,,,,,,,,,,,,,,,,,
20.20833333,86.36920783,,,,,,,,,,,,,,,,,,,,,,,,,,,,,,,,,,,,,,,,,,
20.25,86.37056358,,,,,,,,,,,,,,,,,,,,,,,,,,,,,,,,,,,,,,,,,,
20.29166667,86.38208817,,,,,,,,,,,,,,,,,,,,,,,,,,,,,,,,,,,,,,,,,,
20.33333333,86.39248869,,,,,,,,,,,,,,,,,,,,,,,,,,,,,,,,,,,,,,,,,,
20.375,86.39011771,,,,,,,,,,,,,,,,,,,,,,,,,,,,,,,,,,,,,,,,,,
20.41666667,86.39144023,,,,,,,,,,,,,,,,,,,,,,,,,,,,,,,,,,,,,,,,,,
20.45833333,86.39307507,,,,,,,,,,,,,,,,,,,,,,,,,,,,,,,,,,,,,,,,,,
20.5,86.4137293,,,,,,,,,,,,,,,,,,,,,,,,,,,,,,,,,,,,,,,,,,
20.54166667,86.41080479,,,,,,,,,,,,,,,,,,,,,,,,,,,,,,,,,,,,,,,,,,
20.58333333,86.42106843,,,,,,,,,,,,,,,,,,,,,,,,,,,,,,,,,,,,,,,,,,
20.625,86.41463666,,,,,,,,,,,,,,,,,,,,,,,,,,,,,,,,,,,,,,,,,,
20.66666667,86.41500622,,,,,,,,,,,,,,,,,,,,,,,,,,,,,,,,,,,,,,,,,,
20.70833333,86.45798678,,,,,,,,,,,,,,,,,,,,,,,,,,,,,,,,,,,,,,,,,,
20.75,86.44886626,,,,,,,,,,,,,,,,,,,,,,,,,,,,,,,,,,,,,,,,,,
20.79166667,86.45125106,,,,,,,,,,,,,,,,,,,,,,,,,,,,,,,,,,,,,,,,,,
20.83333333,86.45677627,,,,,,,,,,,,,,,,,,,,,,,,,,,,,,,,,,,,,,,,,,
20.875,86.45503488,,,,,,,,,,,,,,,,,,,,,,,,,,,,,,,,,,,,,,,,,,
20.91666667,86.46227589,,,,,,,,,,,,,,,,,,,,,,,,,,,,,,,,,,,,,,,,,,
20.95833333,86.48292636,,,,,,,,,,,,,,,,,,,,,,,,,,,,,,,,,,,,,,,,,,
21,86.47822111,,,,,,,,,,,,,,,,,,,,,,,,,,,,,,,,,,,,,,,,,,
21.04166667,86.48504928,,,,,,,,,,,,,,,,,,,,,,,,,,,,,,,,,,,,,,,,,,
21.08333333,86.48272363,,,,,,,,,,,,,,,,,,,,,,,,,,,,,,,,,,,,,,,,,,
21.125,86.49839441,,,,,,,,,,,,,,,,,,,,,,,,,,,,,,,,,,,,,,,,,,
21.16666667,86.50867212,,,,,,,,,,,,,,,,,,,,,,,,,,,,,,,,,,,,,,,,,,
21.20833333,86.51354832,,,,,,,,,,,,,,,,,,,,,,,,,,,,,,,,,,,,,,,,,,
21.25,86.53372263,,,,,,,,,,,,,,,,,,,,,,,,,,,,,,,,,,,,,,,,,,
21.29166667,86.52077339,,,,,,,,,,,,,,,,,,,,,,,,,,,,,,,,,,,,,,,,,,
21.33333333,86.53064614,,,,,,,,,,,,,,,,,,,,,,,,,,,,,,,,,,,,,,,,,,
21.375,86.53995805,,,,,,,,,,,,,,,,,,,,,,,,,,,,,,,,,,,,,,,,,,
21.41666667,86.56760937,,,,,,,,,,,,,,,,,,,,,,,,,,,,,,,,,,,,,,,,,,
21.45833333,86.55878479,,,,,,,,,,,,,,,,,,,,,,,,,,,,,,,,,,,,,,,,,,
21.5,86.56429431,,,,,,,,,,,,,,,,,,,,,,,,,,,,,,,,,,,,,,,,,,
21.54166667,86.57590358,,,,,,,,,,,,,,,,,,,,,,,,,,,,,,,,,,,,,,,,,,
21.58333333,86.58411168,,,,,,,,,,,,,,,,,,,,,,,,,,,,,,,,,,,,,,,,,,
21.625,86.58970685,,,,,,,,,,,,,,,,,,,,,,,,,,,,,,,,,,,,,,,,,,
21.66666667,86.58154213,,,,,,,,,,,,,,,,,,,,,,,,,,,,,,,,,,,,,,,,,,
21.70833333,86.58048017,,,,,,,,,,,,,,,,,,,,,,,,,,,,,,,,,,,,,,,,,,
21.75,86.60217256,,,,,,,,,,,,,,,,,,,,,,,,,,,,,,,,,,,,,,,,,,
21.79166667,86.59965669,,,,,,,,,,,,,,,,,,,,,,,,,,,,,,,,,,,,,,,,,,
21.83333333,86.60538082,,,,,,,,,,,,,,,,,,,,,,,,,,,,,,,,,,,,,,,,,,
21.875,86.60916104,,,,,,,,,,,,,,,,,,,,,,,,,,,,,,,,,,,,,,,,,,
21.91666667,86.61097174,,,,,,,,,,,,,,,,,,,,,,,,,,,,,,,,,,,,,,,,,,
21.95833333,86.61463314,,,,,,,,,,,,,,,,,,,,,,,,,,,,,,,,,,,,,,,,,,
22,86.62744816,,,,,,,,,,,,,,,,,,,,,,,,,,,,,,,,,,,,,,,,,,
22.04166667,86.63008715,,,,,,,,,,,,,,,,,,,,,,,,,,,,,,,,,,,,,,,,,,
22.08333333,86.63461595,,,,,,,,,,,,,,,,,,,,,,,,,,,,,,,,,,,,,,,,,,
22.125,86.63394657,,,,,,,,,,,,,,,,,,,,,,,,,,,,,,,,,,,,,,,,,,
22.16666667,86.64709243,,,,,,,,,,,,,,,,,,,,,,,,,,,,,,,,,,,,,,,,,,
22.20833333,86.66308577,,,,,,,,,,,,,,,,,,,,,,,,,,,,,,,,,,,,,,,,,,
22.25,86.66815256,,,,,,,,,,,,,,,,,,,,,,,,,,,,,,,,,,,,,,,,,,
22.29166667,86.66739096,,,,,,,,,,,,,,,,,,,,,,,,,,,,,,,,,,,,,,,,,,
22.33333333,86.66929548,,,,,,,,,,,,,,,,,,,,,,,,,,,,,,,,,,,,,,,,,,
22.375,86.68266161,,,,,,,,,,,,,,,,,,,,,,,,,,,,,,,,,,,,,,,,,,
22.41666667,86.6669079,,,,,,,,,,,,,,,,,,,,,,,,,,,,,,,,,,,,,,,,,,
22.45833333,86.68317678,,,,,,,,,,,,,,,,,,,,,,,,,,,,,,,,,,,,,,,,,,
22.5,86.68550333,,,,,,,,,,,,,,,,,,,,,,,,,,,,,,,,,,,,,,,,,,
22.54166667,86.68426275,,,,,,,,,,,,,,,,,,,,,,,,,,,,,,,,,,,,,,,,,,
22.58333333,86.68523281,,,,,,,,,,,,,,,,,,,,,,,,,,,,,,,,,,,,,,,,,,
22.625,86.70271446,,,,,,,,,,,,,,,,,,,,,,,,,,,,,,,,,,,,,,,,,,
22.66666667,86.7146479,,,,,,,,,,,,,,,,,,,,,,,,,,,,,,,,,,,,,,,,,,
22.70833333,86.71755052,,,,,,,,,,,,,,,,,,,,,,,,,,,,,,,,,,,,,,,,,,
22.75,86.71940391,,,,,,,,,,,,,,,,,,,,,,,,,,,,,,,,,,,,,,,,,,
22.79166667,86.71056586,,,,,,,,,,,,,,,,,,,,,,,,,,,,,,,,,,,,,,,,,,
22.83333333,86.73743638,,,,,,,,,,,,,,,,,,,,,,,,,,,,,,,,,,,,,,,,,,
22.875,86.72767014,,,,,,,,,,,,,,,,,,,,,,,,,,,,,,,,,,,,,,,,,,
22.91666667,86.7365153,,,,,,,,,,,,,,,,,,,,,,,,,,,,,,,,,,,,,,,,,,
22.95833333,86.73364764,,,,,,,,,,,,,,,,,,,,,,,,,,,,,,,,,,,,,,,,,,
23,86.72978832,,,,,,,,,,,,,,,,,,,,,,,,,,,,,,,,,,,,,,,,,,
23.04166667,86.76710473,,,,,,,,,,,,,,,,,,,,,,,,,,,,,,,,,,,,,,,,,,
23.08333333,86.77778315,,,,,,,,,,,,,,,,,,,,,,,,,,,,,,,,,,,,,,,,,,
23.125,86.76127831,,,,,,,,,,,,,,,,,,,,,,,,,,,,,,,,,,,,,,,,,,
23.16666667,86.76656478,,,,,,,,,,,,,,,,,,,,,,,,,,,,,,,,,,,,,,,,,,
23.20833333,86.76310006,,,,,,,,,,,,,,,,,,,,,,,,,,,,,,,,,,,,,,,,,,
23.25,86.77701589,,,,,,,,,,,,,,,,,,,,,,,,,,,,,,,,,,,,,,,,,,
23.29166667,86.76235882,,,,,,,,,,,,,,,,,,,,,,,,,,,,,,,,,,,,,,,,,,
23.33333333,86.75053571,,,,,,,,,,,,,,,,,,,,,,,,,,,,,,,,,,,,,,,,,,
23.375,86.7529845,,,,,,,,,,,,,,,,,,,,,,,,,,,,,,,,,,,,,,,,,,
23.41666667,86.7563624,,,,,,,,,,,,,,,,,,,,,,,,,,,,,,,,,,,,,,,,,,
23.45833333,86.75995907,,,,,,,,,,,,,,,,,,,,,,,,,,,,,,,,,,,,,,,,,,
23.5,86.76858402,,,,,,,,,,,,,,,,,,,,,,,,,,,,,,,,,,,,,,,,,,
23.54166667,86.76207131,,,,,,,,,,,,,,,,,,,,,,,,,,,,,,,,,,,,,,,,,,
23.58333333,86.76084772,,,,,,,,,,,,,,,,,,,,,,,,,,,,,,,,,,,,,,,,,,
23.625,86.78187946,,,,,,,,,,,,,,,,,,,,,,,,,,,,,,,,,,,,,,,,,,
23.66666667,86.77487462,,,,,,,,,,,,,,,,,,,,,,,,,,,,,,,,,,,,,,,,,,
23.70833333,86.771749,,,,,,,,,,,,,,,,,,,,,,,,,,,,,,,,,,,,,,,,,,
23.75,86.7948373,,,,,,,,,,,,,,,,,,,,,,,,,,,,,,,,,,,,,,,,,,
23.79166667,86.79427155,,,,,,,,,,,,,,,,,,,,,,,,,,,,,,,,,,,,,,,,,,
23.83333333,86.79307686,,,,,,,,,,,,,,,,,,,,,,,,,,,,,,,,,,,,,,,,,,
23.875,86.7819928,,,,,,,,,,,,,,,,,,,,,,,,,,,,,,,,,,,,,,,,,,
23.91666667,86.77748256,,,,,,,,,,,,,,,,,,,,,,,,,,,,,,,,,,,,,,,,,,
23.95833333,86.79349748,,,,,,,,,,,,,,,,,,,,,,,,,,,,,,,,,,,,,,,,,,
24,86.79667971,,,,,,,,,,,,,,,,,,,,,,,,,,,,,,,,,,,,,,,,,,
24.04166667,86.80625725,,,,,,,,,,,,,,,,,,,,,,,,,,,,,,,,,,,,,,,,,,
24.08333333,86.79907815,,,,,,,,,,,,,,,,,,,,,,,,,,,,,,,,,,,,,,,,,,
24.125,86.78938443,,,,,,,,,,,,,,,,,,,,,,,,,,,,,,,,,,,,,,,,,,
24.16666667,86.79980618,,,,,,,,,,,,,,,,,,,,,,,,,,,,,,,,,,,,,,,,,,
24.20833333,86.79714,,,,,,,,,,,,,,,,,,,,,,,,,,,,,,,,,,,,,,,,,,
24.25,86.7959837,,,,,,,,,,,,,,,,,,,,,,,,,,,,,,,,,,,,,,,,,,
24.29166667,86.80784889,,,,,,,,,,,,,,,,,,,,,,,,,,,,,,,,,,,,,,,,,,
24.33333333,86.81334032,,,,,,,,,,,,,,,,,,,,,,,,,,,,,,,,,,,,,,,,,,
24.375,86.83403491,,,,,,,,,,,,,,,,,,,,,,,,,,,,,,,,,,,,,,,,,,
24.41666667,86.83381918,,,,,,,,,,,,,,,,,,,,,,,,,,,,,,,,,,,,,,,,,,
24.45833333,86.82756403,,,,,,,,,,,,,,,,,,,,,,,,,,,,,,,,,,,,,,,,,,
24.5,86.83531255,,,,,,,,,,,,,,,,,,,,,,,,,,,,,,,,,,,,,,,,,,
24.54166667,86.83428623,,,,,,,,,,,,,,,,,,,,,,,,,,,,,,,,,,,,,,,,,,
24.58333333,86.84624801,,,,,,,,,,,,,,,,,,,,,,,,,,,,,,,,,,,,,,,,,,
24.625,86.84465397,,,,,,,,,,,,,,,,,,,,,,,,,,,,,,,,,,,,,,,,,,
24.66666667,86.83290386,,,,,,,,,,,,,,,,,,,,,,,,,,,,,,,,,,,,,,,,,,
24.70833333,86.84298263,,,,,,,,,,,,,,,,,,,,,,,,,,,,,,,,,,,,,,,,,,
24.75,86.83892129,,,,,,,,,,,,,,,,,,,,,,,,,,,,,,,,,,,,,,,,,,
24.79166667,86.84462023,,,,,,,,,,,,,,,,,,,,,,,,,,,,,,,,,,,,,,,,,,
24.83333333,86.83642175,,,,,,,,,,,,,,,,,,,,,,,,,,,,,,,,,,,,,,,,,,
24.875,86.86837538,,,,,,,,,,,,,,,,,,,,,,,,,,,,,,,,,,,,,,,,,,
24.91666667,86.85133473,,,,,,,,,,,,,,,,,,,,,,,,,,,,,,,,,,,,,,,,,,
24.95833333,86.84591284,,,,,,,,,,,,,,,,,,,,,,,,,,,,,,,,,,,,,,,,,,
25,86.85855459,,,,,,,,,,,,,,,,,,,,,,,,,,,,,,,,,,,,,,,,,,
25.04166667,86.85550835,,,,,,,,,,,,,,,,,,,,,,,,,,,,,,,,,,,,,,,,,,
25.08333333,86.84752648,,,,,,,,,,,,,,,,,,,,,,,,,,,,,,,,,,,,,,,,,,
25.125,86.88047277,,,,,,,,,,,,,,,,,,,,,,,,,,,,,,,,,,,,,,,,,,
25.16666667,86.89357381,,,,,,,,,,,,,,,,,,,,,,,,,,,,,,,,,,,,,,,,,,
25.20833333,86.88892835,,,,,,,,,,,,,,,,,,,,,,,,,,,,,,,,,,,,,,,,,,
25.25,86.88546013,,,,,,,,,,,,,,,,,,,,,,,,,,,,,,,,,,,,,,,,,,
25.29166667,86.89439425,,,,,,,,,,,,,,,,,,,,,,,,,,,,,,,,,,,,,,,,,,
25.33333333,86.92809206,,,,,,,,,,,,,,,,,,,,,,,,,,,,,,,,,,,,,,,,,,
25.375,86.90084137,,,,,,,,,,,,,,,,,,,,,,,,,,,,,,,,,,,,,,,,,,
25.41666667,86.95567571,,,,,,,,,,,,,,,,,,,,,,,,,,,,,,,,,,,,,,,,,,
25.45833333,86.95567571,,,,,,,,,,,,,,,,,,,,,,,,,,,,,,,,,,,,,,,,,,
25.5,86.95560801,,,,,,,,,,,,,,,,,,,,,,,,,,,,,,,,,,,,,,,,,,
25.54166667,86.95139857,,,,,,,,,,,,,,,,,,,,,,,,,,,,,,,,,,,,,,,,,,
25.58333333,86.93944798,,,,,,,,,,,,,,,,,,,,,,,,,,,,,,,,,,,,,,,,,,
25.625,86.94330063,,,,,,,,,,,,,,,,,,,,,,,,,,,,,,,,,,,,,,,,,,
25.66666667,86.93964344,,,,,,,,,,,,,,,,,,,,,,,,,,,,,,,,,,,,,,,,,,
25.70833333,86.94348792,,,,,,,,,,,,,,,,,,,,,,,,,,,,,,,,,,,,,,,,,,
25.75,86.95147151,,,,,,,,,,,,,,,,,,,,,,,,,,,,,,,,,,,,,,,,,,
25.79166667,86.95849393,,,,,,,,,,,,,,,,,,,,,,,,,,,,,,,,,,,,,,,,,,
25.83333333,86.96811395,,,,,,,,,,,,,,,,,,,,,,,,,,,,,,,,,,,,,,,,,,
25.875,86.97310093,,,,,,,,,,,,,,,,,,,,,,,,,,,,,,,,,,,,,,,,,,
25.91666667,86.95799812,,,,,,,,,,,,,,,,,,,,,,,,,,,,,,,,,,,,,,,,,,
25.95833333,86.96852993,,,,,,,,,,,,,,,,,,,,,,,,,,,,,,,,,,,,,,,,,,
26,86.95309113,,,,,,,,,,,,,,,,,,,,,,,,,,,,,,,,,,,,,,,,,,
26.04166667,86.9764524,,,,,,,,,,,,,,,,,,,,,,,,,,,,,,,,,,,,,,,,,,
26.08333333,86.97538311,,,,,,,,,,,,,,,,,,,,,,,,,,,,,,,,,,,,,,,,,,
26.125,86.99817651,,,,,,,,,,,,,,,,,,,,,,,,,,,,,,,,,,,,,,,,,,
26.16666667,86.98112117,,,,,,,,,,,,,,,,,,,,,,,,,,,,,,,,,,,,,,,,,,
26.20833333,86.99948293,,,,,,,,,,,,,,,,,,,,,,,,,,,,,,,,,,,,,,,,,,
26.25,87.01094194,,,,,,,,,,,,,,,,,,,,,,,,,,,,,,,,,,,,,,,,,,
26.29166667,87.01315097,,,,,,,,,,,,,,,,,,,,,,,,,,,,,,,,,,,,,,,,,,
26.33333333,87.00936642,,,,,,,,,,,,,,,,,,,,,,,,,,,,,,,,,,,,,,,,,,
26.375,87.01833678,,,,,,,,,,,,,,,,,,,,,,,,,,,,,,,,,,,,,,,,,,
26.41666667,87.024233,,,,,,,,,,,,,,,,,,,,,,,,,,,,,,,,,,,,,,,,,,
26.45833333,87.03305385,,,,,,,,,,,,,,,,,,,,,,,,,,,,,,,,,,,,,,,,,,
26.5,87.03416248,,,,,,,,,,,,,,,,,,,,,,,,,,,,,,,,,,,,,,,,,,
26.54166667,87.06354569,,,,,,,,,,,,,,,,,,,,,,,,,,,,,,,,,,,,,,,,,,
26.58333333,87.05311301,,,,,,,,,,,,,,,,,,,,,,,,,,,,,,,,,,,,,,,,,,
26.625,87.07092352,,,,,,,,,,,,,,,,,,,,,,,,,,,,,,,,,,,,,,,,,,
26.66666667,87.10745269,,,,,,,,,,,,,,,,,,,,,,,,,,,,,,,,,,,,,,,,,,
26.70833333,87.1049477,,,,,,,,,,,,,,,,,,,,,,,,,,,,,,,,,,,,,,,,,,
26.75,87.09042212,,,,,,,,,,,,,,,,,,,,,,,,,,,,,,,,,,,,,,,,,,
26.79166667,87.07679588,,,,,,,,,,,,,,,,,,,,,,,,,,,,,,,,,,,,,,,,,,
26.83333333,87.09056736,,,,,,,,,,,,,,,,,,,,,,,,,,,,,,,,,,,,,,,,,,
26.875,87.07090943,,,,,,,,,,,,,,,,,,,,,,,,,,,,,,,,,,,,,,,,,,
26.91666667,87.08968661,,,,,,,,,,,,,,,,,,,,,,,,,,,,,,,,,,,,,,,,,,
